{"391940":{"DESTINATION_ORIGIN":"PTY","ORIGIN_ORIGIN":"IAD","Airport Origin_origin":"WASHINGTON DULLES INTERNATIONAL AIRPORT","Country ORIGIN_origin":" UNITED STATES","Airport DESTINATION_origin":"TOCUMEN INTERNATIONAL AIRPORT","Country DESTINATION_origin":"PANAMA","FESTIVO en ORIGEN_origin":null,"FESTIVO en DESTINO_origin":null,"FLIGHT_NUMBER":357,"ORIGIN":35,"DESTINATION":62,"TotalAuthorized":166,"TotalSeatSold":122,"TotalSeatAvailable":32,"":3,"DateYear":2016,"Airport ORIGIN":88,"Country ORIGIN":0,"Airport DESTINATION":85,"Country DESTINATION":26,"FESTIVO en ORIGEN":73,"FESTIVO en DESTINO":73,"hour":9,"day":15,"was_overbooked":0,"sin_hour":0.6310879443,"cos_hour":-0.7757112907,"sin_month":1.0,"cos_month":6.123233996e-17,"is_weekend":0},"216022":{"DESTINATION_ORIGIN":"SJO","ORIGIN_ORIGIN":"PTY","Airport Origin_origin":"TOCUMEN INTERNATIONAL AIRPORT","Country ORIGIN_origin":"PANAMA","Airport DESTINATION_origin":"JUAN SANTAMAR\u00cdA INTERNATIONAL AIRPORT","Country DESTINATION_origin":"COSTA RICA","FESTIVO en ORIGEN_origin":null,"FESTIVO en DESTINO_origin":null,"FLIGHT_NUMBER":192,"ORIGIN":61,"DESTINATION":73,"TotalAuthorized":154,"TotalSeatSold":154,"TotalSeatAvailable":6,"DateMonth":8,"DateYear":2017,"Airport ORIGIN":83,"Country ORIGIN":24,"Airport DESTINATION":39,"Country DESTINATION":10,"FESTIVO en ORIGEN":73,"FESTIVO en DESTINO":73,"hour":18,"day":13,"was_overbooked":0,"sin_hour":-0.9790840877,"cos_hour":0.2034560131,"sin_month":-0.8660254038,"cos_month":-0.5,"is_weekend":1},"26644":{"DESTINATION_ORIGIN":"SAP","ORIGIN_ORIGIN":"PTY","Airport Origin_origin":"TOCUMEN INTERNATIONAL AIRPORT","Country ORIGIN_origin":"PANAMA","Airport DESTINATION_origin":"RAM\u00d3N VILLEDA MORALES INTERNATIONAL AIRPORT","Country DESTINATION_origin":"HONDURAS","FESTIVO en ORIGEN_origin":null,"FESTIVO en DESTINO_origin":null,"FLIGHT_NUMBER":562,"ORIGIN":61,"DESTINATION":68,"TotalAuthorized":94,"TotalSeatSold":85,"TotalSeatAvailable":9,"DateMonth":2,"DateYear":2019,"Airport ORIGIN":83,"Country ORIGIN":24,"Airport DESTINATION":72,"Country DESTINATION":20,"FESTIVO en ORIGEN":73,"FESTIVO en DESTINO":73,"hour":11,"day":12,"was_overbooked":0,"sin_hour":0.1361666491,"cos_hour":-0.990685946,"sin_month":0.8660254038,"cos_month":0.5,"is_weekend":0},"288381":{"DESTINATION_ORIGIN":"PTY","ORIGIN_ORIGIN":"MVD","Airport Origin_origin":"CARRASCO GRAL. CES\u00c1REO L. BERISSO INTERNATIONAL AIRPORT","Country ORIGIN_origin":"URUGUAY","Airport DESTINATION_origin":"TOCUMEN INTERNATIONAL AIRPORT","Country DESTINATION_origin":"PANAMA","FESTIVO en ORIGEN_origin":null,"FESTIVO en DESTINO_origin":null,"FLIGHT_NUMBER":284,"ORIGIN":53,"DESTINATION":62,"TotalAuthorized":154,"TotalSeatSold":147,"TotalSeatAvailable":7,"DateMonth":1,"DateYear":2017,"Airport ORIGIN":10,"Country ORIGIN":30,"Airport DESTINATION":85,"Country DESTINATION":26,"FESTIVO en ORIGEN":73,"FESTIVO en DESTINO":73,"hour":1,"day":13,"was_overbooked":0,"sin_hour":0.2697967712,"cos_hour":0.9629172873,"sin_month":0.5,"cos_month":0.8660254038,"is_weekend":1},"405548":{"DESTINATION_ORIGIN":"SJO","ORIGIN_ORIGIN":"PTY","Airport Origin_origin":"TOCUMEN INTERNATIONAL AIRPORT","Country ORIGIN_origin":"PANAMA","Airport DESTINATION_origin":"JUAN SANTAMAR\u00cdA INTERNATIONAL AIRPORT","Country DESTINATION_origin":"COSTA RICA","FESTIVO en ORIGEN_origin":null,"FESTIVO en DESTINO_origin":null,"FLIGHT_NUMBER":144,"ORIGIN":61,"DESTINATION":73,"TotalAuthorized":162,"TotalSeatSold":146,"TotalSeatAvailable":14,"DateMonth":2,"DateYear":2016,"Airport ORIGIN":83,"Country ORIGIN":24,"Airport DESTINATION":39,"Country DESTINATION":10,"FESTIVO en ORIGEN":73,"FESTIVO en DESTINO":73,"hour":9,"day":5,"was_overbooked":0,"sin_hour":0.6310879443,"cos_hour":-0.7757112907,"sin_month":0.8660254038,"cos_month":0.5,"is_weekend":1},"174744":{"DESTINATION_ORIGIN":"POS","ORIGIN_ORIGIN":"PTY","Airport Origin_origin":"TOCUMEN INTERNATIONAL AIRPORT","Country ORIGIN_origin":"PANAMA","Airport DESTINATION_origin":"PIARCO INTERNATIONAL AIRPORT","Country DESTINATION_origin":"TRINIDAD AND TOBAGO","FESTIVO en ORIGEN_origin":null,"FESTIVO en DESTINO_origin":null,"FLIGHT_NUMBER":314,"ORIGIN":61,"DESTINATION":61,"TotalAuthorized":94,"TotalSeatSold":87,"TotalSeatAvailable":7,"DateMonth":12,"DateYear":2017,"Airport ORIGIN":83,"Country ORIGIN":24,"Airport DESTINATION":65,"Country DESTINATION":30,"FESTIVO en ORIGEN":73,"FESTIVO en DESTINO":73,"hour":19,"day":13,"was_overbooked":0,"sin_hour":-0.8878852184,"cos_hour":0.4600650377,"sin_month":-2.449293598e-16,"cos_month":1.0,"is_weekend":0},"386899":{"DESTINATION_ORIGIN":"BOG","ORIGIN_ORIGIN":"MEX","Airport Origin_origin":"MEXICO CITY INTERNATIONAL AIRPORT","Country ORIGIN_origin":"MEXICO","Airport DESTINATION_origin":"EL DORADO INTERNATIONAL AIRPORT","Country DESTINATION_origin":"COLOMBIA","FESTIVO en ORIGEN_origin":null,"FESTIVO en DESTINO_origin":null,"FLIGHT_NUMBER":681,"ORIGIN":48,"DESTINATION":7,"TotalAuthorized":138,"TotalSeatSold":68,"TotalSeatAvailable":56,"DateMonth":3,"DateYear":2016,"Airport ORIGIN":54,"Country ORIGIN":22,"Airport DESTINATION":19,"Country DESTINATION":9,"FESTIVO en ORIGEN":73,"FESTIVO en DESTINO":73,"hour":14,"day":30,"was_overbooked":0,"sin_hour":-0.6310879443,"cos_hour":-0.7757112907,"sin_month":1.0,"cos_month":6.123233996e-17,"is_weekend":0},"381843":{"DESTINATION_ORIGIN":"PTY","ORIGIN_ORIGIN":"MGA","Airport Origin_origin":"AUGUSTO C. SANDINO INTERNATIONAL AIRPORT","Country ORIGIN_origin":"NICARAGUA","Airport DESTINATION_origin":"TOCUMEN INTERNATIONAL AIRPORT","Country DESTINATION_origin":"PANAMA","FESTIVO en ORIGEN_origin":null,"FESTIVO en DESTINO_origin":null,"FLIGHT_NUMBER":105,"ORIGIN":49,"DESTINATION":62,"TotalAuthorized":137,"TotalSeatSold":116,"TotalSeatAvailable":8,"DateMonth":4,"DateYear":2016,"Airport ORIGIN":4,"Country ORIGIN":23,"Airport DESTINATION":85,"Country DESTINATION":26,"FESTIVO en ORIGEN":73,"FESTIVO en DESTINO":73,"hour":14,"day":13,"was_overbooked":0,"sin_hour":-0.6310879443,"cos_hour":-0.7757112907,"sin_month":0.8660254038,"cos_month":-0.5,"is_weekend":0},"309984":{"DESTINATION_ORIGIN":"PTY","ORIGIN_ORIGIN":"BSB","Airport Origin_origin":"BRAS\u00cdLIA INTERNATIONAL AIRPORT (PRESIDENTE J. KUBITSCHEK INT'L AIRPORT)","Country ORIGIN_origin":"BRAZIL","Airport DESTINATION_origin":"TOCUMEN INTERNATIONAL AIRPORT","Country DESTINATION_origin":"PANAMA","FESTIVO en ORIGEN_origin":null,"FESTIVO en DESTINO_origin":null,"FLIGHT_NUMBER":204,"ORIGIN":9,"DESTINATION":62,"TotalAuthorized":160,"TotalSeatSold":151,"TotalSeatAvailable":9,"DateMonth":11,"DateYear":2016,"Airport ORIGIN":6,"Country ORIGIN":6,"Airport DESTINATION":85,"Country DESTINATION":26,"FESTIVO en ORIGEN":73,"FESTIVO en DESTINO":73,"hour":3,"day":11,"was_overbooked":0,"sin_hour":0.7308359643,"cos_hour":0.6825531432,"sin_month":-0.5,"cos_month":0.8660254038,"is_weekend":1},"199726":{"DESTINATION_ORIGIN":"PTY","ORIGIN_ORIGIN":"MEX","Airport Origin_origin":"MEXICO CITY INTERNATIONAL AIRPORT","Country ORIGIN_origin":"MEXICO","Airport DESTINATION_origin":"TOCUMEN INTERNATIONAL AIRPORT","Country DESTINATION_origin":"PANAMA","FESTIVO en ORIGEN_origin":null,"FESTIVO en DESTINO_origin":null,"FLIGHT_NUMBER":135,"ORIGIN":48,"DESTINATION":62,"TotalAuthorized":158,"TotalSeatSold":109,"TotalSeatAvailable":45,"DateMonth":9,"DateYear":2017,"Airport ORIGIN":54,"Country ORIGIN":22,"Airport DESTINATION":85,"Country DESTINATION":26,"FESTIVO en ORIGEN":73,"FESTIVO en DESTINO":73,"hour":16,"day":30,"was_overbooked":0,"sin_hour":-0.9422609221,"cos_hour":-0.3348796122,"sin_month":-1.0,"cos_month":-1.836970199e-16,"is_weekend":1},"229920":{"DESTINATION_ORIGIN":"PTY","ORIGIN_ORIGIN":"BOG","Airport Origin_origin":"EL DORADO INTERNATIONAL AIRPORT","Country ORIGIN_origin":"COLOMBIA","Airport DESTINATION_origin":"TOCUMEN INTERNATIONAL AIRPORT","Country DESTINATION_origin":"PANAMA","FESTIVO en ORIGEN_origin":null,"FESTIVO en DESTINO_origin":null,"FLIGHT_NUMBER":416,"ORIGIN":7,"DESTINATION":62,"TotalAuthorized":124,"TotalSeatSold":110,"TotalSeatAvailable":14,"DateMonth":7,"DateYear":2017,"Airport ORIGIN":19,"Country ORIGIN":9,"Airport DESTINATION":85,"Country DESTINATION":26,"FESTIVO en ORIGEN":73,"FESTIVO en DESTINO":73,"hour":6,"day":5,"was_overbooked":0,"sin_hour":0.9976687692,"cos_hour":-0.0682424134,"sin_month":-0.5,"cos_month":-0.8660254038,"is_weekend":0},"92683":{"DESTINATION_ORIGIN":"PTY","ORIGIN_ORIGIN":"STI","Airport Origin_origin":"CIBAO INTERNATIONAL AIRPORT","Country ORIGIN_origin":"DOMINICAN REPUBLIC","Airport DESTINATION_origin":"TOCUMEN INTERNATIONAL AIRPORT","Country DESTINATION_origin":"PANAMA","FESTIVO en ORIGEN_origin":null,"FESTIVO en DESTINO_origin":null,"FLIGHT_NUMBER":539,"ORIGIN":77,"DESTINATION":62,"TotalAuthorized":94,"TotalSeatSold":90,"TotalSeatAvailable":4,"DateMonth":8,"DateYear":2018,"Airport ORIGIN":12,"Country ORIGIN":13,"Airport DESTINATION":85,"Country DESTINATION":26,"FESTIVO en ORIGEN":73,"FESTIVO en DESTINO":73,"hour":15,"day":8,"was_overbooked":0,"sin_hour":-0.816969893,"cos_hour":-0.5766803221,"sin_month":-0.8660254038,"cos_month":-0.5,"is_weekend":0},"148703":{"DESTINATION_ORIGIN":"SAP","ORIGIN_ORIGIN":"PTY","Airport Origin_origin":"TOCUMEN INTERNATIONAL AIRPORT","Country ORIGIN_origin":"PANAMA","Airport DESTINATION_origin":"RAM\u00d3N VILLEDA MORALES INTERNATIONAL AIRPORT","Country DESTINATION_origin":"HONDURAS","FESTIVO en ORIGEN_origin":null,"FESTIVO en DESTINO_origin":null,"FLIGHT_NUMBER":274,"ORIGIN":61,"DESTINATION":68,"TotalAuthorized":100,"TotalSeatSold":94,"TotalSeatAvailable":6,"DateMonth":2,"DateYear":2018,"Airport ORIGIN":83,"Country ORIGIN":24,"Airport DESTINATION":72,"Country DESTINATION":20,"FESTIVO en ORIGEN":73,"FESTIVO en DESTINO":73,"hour":11,"day":26,"was_overbooked":0,"sin_hour":0.1361666491,"cos_hour":-0.990685946,"sin_month":0.8660254038,"cos_month":0.5,"is_weekend":0},"247670":{"DESTINATION_ORIGIN":"PTY","ORIGIN_ORIGIN":"MAR","Airport Origin_origin":"LA CHINITA INTERNATIONAL AIRPORT","Country ORIGIN_origin":"VENEZUELA","Airport DESTINATION_origin":"TOCUMEN INTERNATIONAL AIRPORT","Country DESTINATION_origin":"PANAMA","FESTIVO en ORIGEN_origin":null,"FESTIVO en DESTINO_origin":null,"FLIGHT_NUMBER":713,"ORIGIN":43,"DESTINATION":62,"TotalAuthorized":94,"TotalSeatSold":92,"TotalSeatAvailable":2,"DateMonth":5,"DateYear":2017,"Airport ORIGIN":41,"Country ORIGIN":31,"Airport DESTINATION":85,"Country DESTINATION":26,"FESTIVO en ORIGEN":73,"FESTIVO en DESTINO":73,"hour":9,"day":14,"was_overbooked":0,"sin_hour":0.6310879443,"cos_hour":-0.7757112907,"sin_month":0.5,"cos_month":-0.8660254038,"is_weekend":1},"9173":{"DESTINATION_ORIGIN":"PTY","ORIGIN_ORIGIN":"PUJ","Airport Origin_origin":"PUNTA CANA INTERNATIONAL AIRPORT","Country ORIGIN_origin":"DOMINICAN REPUBLIC","Airport DESTINATION_origin":"TOCUMEN INTERNATIONAL AIRPORT","Country DESTINATION_origin":"PANAMA","FESTIVO en ORIGEN_origin":null,"FESTIVO en DESTINO_origin":null,"FLIGHT_NUMBER":109,"ORIGIN":62,"DESTINATION":62,"TotalAuthorized":154,"TotalSeatSold":92,"TotalSeatAvailable":62,"DateMonth":4,"DateYear":2019,"Airport ORIGIN":67,"Country ORIGIN":13,"Airport DESTINATION":85,"Country DESTINATION":26,"FESTIVO en ORIGEN":73,"FESTIVO en DESTINO":73,"hour":12,"day":3,"was_overbooked":0,"sin_hour":-0.1361666491,"cos_hour":-0.990685946,"sin_month":0.8660254038,"cos_month":-0.5,"is_weekend":0},"321207":{"DESTINATION_ORIGIN":"PTY","ORIGIN_ORIGIN":"MCO","Airport Origin_origin":"ORLANDO INTERNATIONAL AIRPORT","Country ORIGIN_origin":"UNITED STATES","Airport DESTINATION_origin":"TOCUMEN INTERNATIONAL AIRPORT","Country DESTINATION_origin":"PANAMA","FESTIVO en ORIGEN_origin":null,"FESTIVO en DESTINO_origin":null,"FLIGHT_NUMBER":435,"ORIGIN":45,"DESTINATION":62,"TotalAuthorized":160,"TotalSeatSold":148,"TotalSeatAvailable":12,"DateMonth":10,"DateYear":2016,"Airport ORIGIN":61,"Country ORIGIN":29,"Airport DESTINATION":85,"Country DESTINATION":26,"FESTIVO en ORIGEN":73,"FESTIVO en DESTINO":73,"hour":12,"day":8,"was_overbooked":0,"sin_hour":-0.1361666491,"cos_hour":-0.990685946,"sin_month":-0.8660254038,"cos_month":0.5,"is_weekend":1},"45974":{"DESTINATION_ORIGIN":"BOS","ORIGIN_ORIGIN":"PTY","Airport Origin_origin":"TOCUMEN INTERNATIONAL AIRPORT","Country ORIGIN_origin":"PANAMA","Airport DESTINATION_origin":"LOGAN INTERNATIONAL AIRPORT","Country DESTINATION_origin":"UNITED STATES","FESTIVO en ORIGEN_origin":null,"FESTIVO en DESTINO_origin":null,"FLIGHT_NUMBER":311,"ORIGIN":61,"DESTINATION":8,"TotalAuthorized":160,"TotalSeatSold":116,"TotalSeatAvailable":44,"DateMonth":12,"DateYear":2018,"Airport ORIGIN":83,"Country ORIGIN":24,"Airport DESTINATION":44,"Country DESTINATION":31,"FESTIVO en ORIGEN":73,"FESTIVO en DESTINO":73,"hour":12,"day":20,"was_overbooked":0,"sin_hour":-0.1361666491,"cos_hour":-0.990685946,"sin_month":-2.449293598e-16,"cos_month":1.0,"is_weekend":0},"79375":{"DESTINATION_ORIGIN":"GYE","ORIGIN_ORIGIN":"PTY","Airport Origin_origin":"TOCUMEN INTERNATIONAL AIRPORT","Country ORIGIN_origin":"PANAMA","Airport DESTINATION_origin":"JOS\u00c9 JOAQU\u00cdN DE OLMEDO INTERNATIONAL AIRPORT","Country DESTINATION_origin":"ECUADOR","FESTIVO en ORIGEN_origin":null,"FESTIVO en DESTINO_origin":null,"FLIGHT_NUMBER":301,"ORIGIN":61,"DESTINATION":33,"TotalAuthorized":160,"TotalSeatSold":153,"TotalSeatAvailable":7,"DateMonth":9,"DateYear":2018,"Airport ORIGIN":83,"Country ORIGIN":24,"Airport DESTINATION":35,"Country DESTINATION":14,"FESTIVO en ORIGEN":73,"FESTIVO en DESTINO":73,"hour":21,"day":15,"was_overbooked":0,"sin_hour":-0.51958395,"cos_hour":0.8544194045,"sin_month":-1.0,"cos_month":-1.836970199e-16,"is_weekend":1},"47918":{"DESTINATION_ORIGIN":"PTY","ORIGIN_ORIGIN":"MDE","Airport Origin_origin":"JOS\u00c9 MAR\u00cdA C\u00d3RDOVA INTERNATIONAL AIRPORT","Country ORIGIN_origin":"COLOMBIA","Airport DESTINATION_origin":"TOCUMEN INTERNATIONAL AIRPORT","Country DESTINATION_origin":"PANAMA","FESTIVO en ORIGEN_origin":null,"FESTIVO en DESTINO_origin":null,"FLIGHT_NUMBER":642,"ORIGIN":46,"DESTINATION":62,"TotalAuthorized":124,"TotalSeatSold":112,"TotalSeatAvailable":12,"DateMonth":12,"DateYear":2018,"Airport ORIGIN":37,"Country ORIGIN":9,"Airport DESTINATION":85,"Country DESTINATION":26,"FESTIVO en ORIGEN":73,"FESTIVO en DESTINO":73,"hour":8,"day":15,"was_overbooked":0,"sin_hour":0.816969893,"cos_hour":-0.5766803221,"sin_month":-2.449293598e-16,"cos_month":1.0,"is_weekend":1},"258102":{"DESTINATION_ORIGIN":"MGA","ORIGIN_ORIGIN":"SJO","Airport Origin_origin":"JUAN SANTAMAR\u00cdA INTERNATIONAL AIRPORT","Country ORIGIN_origin":"COSTA RICA","Airport DESTINATION_origin":"AUGUSTO C. SANDINO INTERNATIONAL AIRPORT","Country DESTINATION_origin":"NICARAGUA","FESTIVO en ORIGEN_origin":null,"FESTIVO en DESTINO_origin":null,"FLIGHT_NUMBER":169,"ORIGIN":72,"DESTINATION":50,"TotalAuthorized":94,"TotalSeatSold":83,"TotalSeatAvailable":11,"DateMonth":4,"DateYear":2017,"Airport ORIGIN":39,"Country ORIGIN":10,"Airport DESTINATION":5,"Country DESTINATION":25,"FESTIVO en ORIGEN":73,"FESTIVO en DESTINO":73,"hour":6,"day":12,"was_overbooked":0,"sin_hour":0.9976687692,"cos_hour":-0.0682424134,"sin_month":0.8660254038,"cos_month":-0.5,"is_weekend":0},"150599":{"DESTINATION_ORIGIN":"BOG","ORIGIN_ORIGIN":"PTY","Airport Origin_origin":"TOCUMEN INTERNATIONAL AIRPORT","Country ORIGIN_origin":"PANAMA","Airport DESTINATION_origin":"EL DORADO INTERNATIONAL AIRPORT","Country DESTINATION_origin":"COLOMBIA","FESTIVO en ORIGEN_origin":null,"FESTIVO en DESTINO_origin":null,"FLIGHT_NUMBER":627,"ORIGIN":61,"DESTINATION":7,"TotalAuthorized":124,"TotalSeatSold":84,"TotalSeatAvailable":40,"DateMonth":2,"DateYear":2018,"Airport ORIGIN":83,"Country ORIGIN":24,"Airport DESTINATION":19,"Country DESTINATION":9,"FESTIVO en ORIGEN":73,"FESTIVO en DESTINO":73,"hour":9,"day":21,"was_overbooked":0,"sin_hour":0.6310879443,"cos_hour":-0.7757112907,"sin_month":0.8660254038,"cos_month":0.5,"is_weekend":0},"76187":{"DESTINATION_ORIGIN":"PTY","ORIGIN_ORIGIN":"PUJ","Airport Origin_origin":"PUNTA CANA INTERNATIONAL AIRPORT","Country ORIGIN_origin":"DOMINICAN REPUBLIC","Airport DESTINATION_origin":"TOCUMEN INTERNATIONAL AIRPORT","Country DESTINATION_origin":"PANAMA","FESTIVO en ORIGEN_origin":null,"FESTIVO en DESTINO_origin":null,"FLIGHT_NUMBER":151,"ORIGIN":62,"DESTINATION":62,"TotalAuthorized":154,"TotalSeatSold":144,"TotalSeatAvailable":10,"DateMonth":9,"DateYear":2018,"Airport ORIGIN":67,"Country ORIGIN":13,"Airport DESTINATION":85,"Country DESTINATION":26,"FESTIVO en ORIGEN":73,"FESTIVO en DESTINO":73,"hour":15,"day":24,"was_overbooked":0,"sin_hour":-0.816969893,"cos_hour":-0.5766803221,"sin_month":-1.0,"cos_month":-1.836970199e-16,"is_weekend":0},"132619":{"DESTINATION_ORIGIN":"PTY","ORIGIN_ORIGIN":"SCL","Airport Origin_origin":"COMODORO ARTURO MERINO BEN\u00cdTEZ INTERNATIONAL AIRPORT","Country ORIGIN_origin":"CHILE","Airport DESTINATION_origin":"TOCUMEN INTERNATIONAL AIRPORT","Country DESTINATION_origin":"PANAMA","FESTIVO en ORIGEN_origin":null,"FESTIVO en DESTINO_origin":null,"FLIGHT_NUMBER":118,"ORIGIN":68,"DESTINATION":62,"TotalAuthorized":154,"TotalSeatSold":157,"TotalSeatAvailable":-3,"DateMonth":4,"DateYear":2018,"Airport ORIGIN":13,"Country ORIGIN":8,"Airport DESTINATION":85,"Country DESTINATION":26,"FESTIVO en ORIGEN":73,"FESTIVO en DESTINO":73,"hour":12,"day":14,"was_overbooked":1,"sin_hour":-0.1361666491,"cos_hour":-0.990685946,"sin_month":0.8660254038,"cos_month":-0.5,"is_weekend":1},"336838":{"DESTINATION_ORIGIN":"PTY","ORIGIN_ORIGIN":"LIM","Airport Origin_origin":"JORGE CH\u00c1VEZ INTERNATIONAL AIRPORT","Country ORIGIN_origin":"PERU","Airport DESTINATION_origin":"TOCUMEN INTERNATIONAL AIRPORT","Country DESTINATION_origin":"PANAMA","FESTIVO en ORIGEN_origin":null,"FESTIVO en DESTINO_origin":null,"FLIGHT_NUMBER":436,"ORIGIN":40,"DESTINATION":62,"TotalAuthorized":160,"TotalSeatSold":150,"TotalSeatAvailable":10,"DateMonth":8,"DateYear":2016,"Airport ORIGIN":34,"Country ORIGIN":26,"Airport DESTINATION":85,"Country DESTINATION":26,"FESTIVO en ORIGEN":73,"FESTIVO en DESTINO":73,"hour":6,"day":22,"was_overbooked":0,"sin_hour":0.9976687692,"cos_hour":-0.0682424134,"sin_month":-0.8660254038,"cos_month":-0.5,"is_weekend":0},"400074":{"DESTINATION_ORIGIN":"PTY","ORIGIN_ORIGIN":"UIO","Airport Origin_origin":"MARISCAL SUCRE INTERNATIONAL AIRPORT","Country ORIGIN_origin":"ECUADOR","Airport DESTINATION_origin":"TOCUMEN INTERNATIONAL AIRPORT","Country DESTINATION_origin":"PANAMA","FESTIVO en ORIGEN_origin":null,"FESTIVO en DESTINO_origin":null,"FLIGHT_NUMBER":675,"ORIGIN":82,"DESTINATION":62,"TotalAuthorized":173,"TotalSeatSold":94,"TotalSeatAvailable":66,"DateMonth":2,"DateYear":2016,"Airport ORIGIN":50,"Country ORIGIN":14,"Airport DESTINATION":85,"Country DESTINATION":26,"FESTIVO en ORIGEN":73,"FESTIVO en DESTINO":73,"hour":8,"day":21,"was_overbooked":0,"sin_hour":0.816969893,"cos_hour":-0.5766803221,"sin_month":0.8660254038,"cos_month":0.5,"is_weekend":1},"83723":{"DESTINATION_ORIGIN":"PTY","ORIGIN_ORIGIN":"LIM","Airport Origin_origin":"JORGE CH\u00c1VEZ INTERNATIONAL AIRPORT","Country ORIGIN_origin":"PERU","Airport DESTINATION_origin":"TOCUMEN INTERNATIONAL AIRPORT","Country DESTINATION_origin":"PANAMA","FESTIVO en ORIGEN_origin":null,"FESTIVO en DESTINO_origin":null,"FLIGHT_NUMBER":760,"ORIGIN":40,"DESTINATION":62,"TotalAuthorized":154,"TotalSeatSold":148,"TotalSeatAvailable":6,"DateMonth":9,"DateYear":2018,"Airport ORIGIN":34,"Country ORIGIN":26,"Airport DESTINATION":85,"Country DESTINATION":26,"FESTIVO en ORIGEN":73,"FESTIVO en DESTINO":73,"hour":13,"day":3,"was_overbooked":0,"sin_hour":-0.3984010898,"cos_hour":-0.9172113015,"sin_month":-1.0,"cos_month":-1.836970199e-16,"is_weekend":0},"301422":{"DESTINATION_ORIGIN":"LIM","ORIGIN_ORIGIN":"PTY","Airport Origin_origin":"TOCUMEN INTERNATIONAL AIRPORT","Country ORIGIN_origin":"PANAMA","Airport DESTINATION_origin":"JORGE CH\u00c1VEZ INTERNATIONAL AIRPORT","Country DESTINATION_origin":"PERU","FESTIVO en ORIGEN_origin":null,"FESTIVO en DESTINO_origin":null,"FLIGHT_NUMBER":337,"ORIGIN":61,"DESTINATION":41,"TotalAuthorized":160,"TotalSeatSold":128,"TotalSeatAvailable":32,"DateMonth":12,"DateYear":2016,"Airport ORIGIN":83,"Country ORIGIN":24,"Airport DESTINATION":34,"Country DESTINATION":28,"FESTIVO en ORIGEN":73,"FESTIVO en DESTINO":73,"hour":23,"day":6,"was_overbooked":0,"sin_hour":-2.449293598e-16,"cos_hour":1.0,"sin_month":-2.449293598e-16,"cos_month":1.0,"is_weekend":0},"318029":{"DESTINATION_ORIGIN":"PTY","ORIGIN_ORIGIN":"SDQ","Airport Origin_origin":"LAS AM\u00c9RICAS INTERNATIONAL AIRPORT","Country ORIGIN_origin":"DOMINICAN REPUBLIC","Airport DESTINATION_origin":"TOCUMEN INTERNATIONAL AIRPORT","Country DESTINATION_origin":"PANAMA","FESTIVO en ORIGEN_origin":null,"FESTIVO en DESTINO_origin":null,"FLIGHT_NUMBER":129,"ORIGIN":69,"DESTINATION":62,"TotalAuthorized":154,"TotalSeatSold":140,"TotalSeatAvailable":14,"DateMonth":10,"DateYear":2016,"Airport ORIGIN":42,"Country ORIGIN":13,"Airport DESTINATION":85,"Country DESTINATION":26,"FESTIVO en ORIGEN":73,"FESTIVO en DESTINO":73,"hour":12,"day":17,"was_overbooked":0,"sin_hour":-0.1361666491,"cos_hour":-0.990685946,"sin_month":-0.8660254038,"cos_month":0.5,"is_weekend":0},"335149":{"DESTINATION_ORIGIN":"PTY","ORIGIN_ORIGIN":"GUA","Airport Origin_origin":"LA AURORA INTERNATIONAL AIRPORT","Country ORIGIN_origin":"GUATEMALA","Airport DESTINATION_origin":"TOCUMEN INTERNATIONAL AIRPORT","Country DESTINATION_origin":"PANAMA","FESTIVO en ORIGEN_origin":null,"FESTIVO en DESTINO_origin":null,"FLIGHT_NUMBER":555,"ORIGIN":31,"DESTINATION":62,"TotalAuthorized":94,"TotalSeatSold":82,"TotalSeatAvailable":12,"DateMonth":8,"DateYear":2016,"Airport ORIGIN":40,"Country ORIGIN":16,"Airport DESTINATION":85,"Country DESTINATION":26,"FESTIVO en ORIGEN":73,"FESTIVO en DESTINO":73,"hour":13,"day":27,"was_overbooked":0,"sin_hour":-0.3984010898,"cos_hour":-0.9172113015,"sin_month":-0.8660254038,"cos_month":-0.5,"is_weekend":1},"213149":{"DESTINATION_ORIGIN":"UIO","ORIGIN_ORIGIN":"PTY","Airport Origin_origin":"TOCUMEN INTERNATIONAL AIRPORT","Country ORIGIN_origin":"PANAMA","Airport DESTINATION_origin":"MARISCAL SUCRE INTERNATIONAL AIRPORT","Country DESTINATION_origin":"ECUADOR","FESTIVO en ORIGEN_origin":null,"FESTIVO en DESTINO_origin":null,"FLIGHT_NUMBER":829,"ORIGIN":61,"DESTINATION":84,"TotalAuthorized":154,"TotalSeatSold":152,"TotalSeatAvailable":2,"DateMonth":8,"DateYear":2017,"Airport ORIGIN":83,"Country ORIGIN":24,"Airport DESTINATION":50,"Country DESTINATION":14,"FESTIVO en ORIGEN":73,"FESTIVO en DESTINO":73,"hour":9,"day":22,"was_overbooked":0,"sin_hour":0.6310879443,"cos_hour":-0.7757112907,"sin_month":-0.8660254038,"cos_month":-0.5,"is_weekend":0},"234168":{"DESTINATION_ORIGIN":"PTY","ORIGIN_ORIGIN":"PEI","Airport Origin_origin":"MATECA\u00d1A INTERNATIONAL AIRPORT","Country ORIGIN_origin":"COLOMBIA","Airport DESTINATION_origin":"TOCUMEN INTERNATIONAL AIRPORT","Country DESTINATION_origin":"PANAMA","FESTIVO en ORIGEN_origin":null,"FESTIVO en DESTINO_origin":null,"FLIGHT_NUMBER":624,"ORIGIN":58,"DESTINATION":62,"TotalAuthorized":94,"TotalSeatSold":94,"TotalSeatAvailable":0,"DateMonth":6,"DateYear":2017,"Airport ORIGIN":52,"Country ORIGIN":9,"Airport DESTINATION":85,"Country DESTINATION":26,"FESTIVO en ORIGEN":73,"FESTIVO en DESTINO":73,"hour":5,"day":23,"was_overbooked":0,"sin_hour":0.9790840877,"cos_hour":0.2034560131,"sin_month":1.224646799e-16,"cos_month":-1.0,"is_weekend":1},"227315":{"DESTINATION_ORIGIN":"SJO","ORIGIN_ORIGIN":"MGA","Airport Origin_origin":"AUGUSTO C. SANDINO INTERNATIONAL AIRPORT","Country ORIGIN_origin":"NICARAGUA","Airport DESTINATION_origin":"JUAN SANTAMAR\u00cdA INTERNATIONAL AIRPORT","Country DESTINATION_origin":"COSTA RICA","FESTIVO en ORIGEN_origin":null,"FESTIVO en DESTINO_origin":null,"FLIGHT_NUMBER":163,"ORIGIN":49,"DESTINATION":73,"TotalAuthorized":160,"TotalSeatSold":123,"TotalSeatAvailable":37,"DateMonth":7,"DateYear":2017,"Airport ORIGIN":4,"Country ORIGIN":23,"Airport DESTINATION":39,"Country DESTINATION":10,"FESTIVO en ORIGEN":73,"FESTIVO en DESTINO":73,"hour":8,"day":12,"was_overbooked":0,"sin_hour":0.816969893,"cos_hour":-0.5766803221,"sin_month":-0.5,"cos_month":-0.8660254038,"is_weekend":0},"381499":{"DESTINATION_ORIGIN":"PTY","ORIGIN_ORIGIN":"PAP","Airport Origin_origin":"TOUSSAINT L'OUVERTURE INTERNATIONAL AIRPORT","Country ORIGIN_origin":"HAITI","Airport DESTINATION_origin":"TOCUMEN INTERNATIONAL AIRPORT","Country DESTINATION_origin":"PANAMA","FESTIVO en ORIGEN_origin":null,"FESTIVO en DESTINO_origin":null,"FLIGHT_NUMBER":103,"ORIGIN":56,"DESTINATION":62,"TotalAuthorized":132,"TotalSeatSold":122,"TotalSeatAvailable":2,"DateMonth":4,"DateYear":2016,"Airport ORIGIN":86,"Country ORIGIN":18,"Airport DESTINATION":85,"Country DESTINATION":26,"FESTIVO en ORIGEN":73,"FESTIVO en DESTINO":73,"hour":17,"day":14,"was_overbooked":0,"sin_hour":-0.9976687692,"cos_hour":-0.0682424134,"sin_month":0.8660254038,"cos_month":-0.5,"is_weekend":0},"121095":{"DESTINATION_ORIGIN":"MDE","ORIGIN_ORIGIN":"PTY","Airport Origin_origin":"TOCUMEN INTERNATIONAL AIRPORT","Country ORIGIN_origin":"PANAMA","Airport DESTINATION_origin":"JOS\u00c9 MAR\u00cdA C\u00d3RDOVA INTERNATIONAL AIRPORT","Country DESTINATION_origin":"COLOMBIA","FESTIVO en ORIGEN_origin":null,"FESTIVO en DESTINO_origin":null,"FLIGHT_NUMBER":533,"ORIGIN":61,"DESTINATION":47,"TotalAuthorized":133,"TotalSeatSold":87,"TotalSeatAvailable":37,"DateMonth":5,"DateYear":2018,"Airport ORIGIN":83,"Country ORIGIN":24,"Airport DESTINATION":37,"Country DESTINATION":9,"FESTIVO en ORIGEN":73,"FESTIVO en DESTINO":73,"hour":7,"day":19,"was_overbooked":0,"sin_hour":0.9422609221,"cos_hour":-0.3348796122,"sin_month":0.5,"cos_month":-0.8660254038,"is_weekend":1},"31534":{"DESTINATION_ORIGIN":"LIM","ORIGIN_ORIGIN":"PTY","Airport Origin_origin":"TOCUMEN INTERNATIONAL AIRPORT","Country ORIGIN_origin":"PANAMA","Airport DESTINATION_origin":"JORGE CH\u00c1VEZ INTERNATIONAL AIRPORT","Country DESTINATION_origin":"PERU","FESTIVO en ORIGEN_origin":null,"FESTIVO en DESTINO_origin":null,"FLIGHT_NUMBER":489,"ORIGIN":61,"DESTINATION":41,"TotalAuthorized":160,"TotalSeatSold":145,"TotalSeatAvailable":15,"DateMonth":1,"DateYear":2019,"Airport ORIGIN":83,"Country ORIGIN":24,"Airport DESTINATION":34,"Country DESTINATION":28,"FESTIVO en ORIGEN":73,"FESTIVO en DESTINO":73,"hour":18,"day":29,"was_overbooked":0,"sin_hour":-0.9790840877,"cos_hour":0.2034560131,"sin_month":0.5,"cos_month":0.8660254038,"is_weekend":0},"98853":{"DESTINATION_ORIGIN":"PTY","ORIGIN_ORIGIN":"SXM","Airport Origin_origin":"PRINCESS JULIANA INTERNATIONAL AIRPORT","Country ORIGIN_origin":"KINGDOM OF THE NETHERLANDS","Airport DESTINATION_origin":"TOCUMEN INTERNATIONAL AIRPORT","Country DESTINATION_origin":"PANAMA","FESTIVO en ORIGEN_origin":null,"FESTIVO en DESTINO_origin":null,"FLIGHT_NUMBER":133,"ORIGIN":78,"DESTINATION":62,"TotalAuthorized":127,"TotalSeatSold":129,"TotalSeatAvailable":-2,"DateMonth":7,"DateYear":2018,"Airport ORIGIN":66,"Country ORIGIN":21,"Airport DESTINATION":85,"Country DESTINATION":26,"FESTIVO en ORIGEN":73,"FESTIVO en DESTINO":73,"hour":12,"day":21,"was_overbooked":1,"sin_hour":-0.1361666491,"cos_hour":-0.990685946,"sin_month":-0.5,"cos_month":-0.8660254038,"is_weekend":1},"126624":{"DESTINATION_ORIGIN":"PTY","ORIGIN_ORIGIN":"MGA","Airport Origin_origin":"AUGUSTO C. SANDINO INTERNATIONAL AIRPORT","Country ORIGIN_origin":"NICARAGUA","Airport DESTINATION_origin":"TOCUMEN INTERNATIONAL AIRPORT","Country DESTINATION_origin":"PANAMA","FESTIVO en ORIGEN_origin":null,"FESTIVO en DESTINO_origin":null,"FLIGHT_NUMBER":105,"ORIGIN":49,"DESTINATION":62,"TotalAuthorized":107,"TotalSeatSold":85,"TotalSeatAvailable":9,"DateMonth":5,"DateYear":2018,"Airport ORIGIN":4,"Country ORIGIN":23,"Airport DESTINATION":85,"Country DESTINATION":26,"FESTIVO en ORIGEN":73,"FESTIVO en DESTINO":73,"hour":14,"day":2,"was_overbooked":0,"sin_hour":-0.6310879443,"cos_hour":-0.7757112907,"sin_month":0.5,"cos_month":-0.8660254038,"is_weekend":0},"398260":{"DESTINATION_ORIGIN":"PUJ","ORIGIN_ORIGIN":"PTY","Airport Origin_origin":"TOCUMEN INTERNATIONAL AIRPORT","Country ORIGIN_origin":"PANAMA","Airport DESTINATION_origin":"PUNTA CANA INTERNATIONAL AIRPORT","Country DESTINATION_origin":"DOMINICAN REPUBLIC","FESTIVO en ORIGEN_origin":null,"FESTIVO en DESTINO_origin":null,"FLIGHT_NUMBER":518,"ORIGIN":61,"DESTINATION":63,"TotalAuthorized":105,"TotalSeatSold":16,"TotalSeatAvailable":84,"DateMonth":2,"DateYear":2016,"Airport ORIGIN":83,"Country ORIGIN":24,"Airport DESTINATION":69,"Country DESTINATION":13,"FESTIVO en ORIGEN":73,"FESTIVO en DESTINO":73,"hour":18,"day":26,"was_overbooked":0,"sin_hour":-0.9790840877,"cos_hour":0.2034560131,"sin_month":0.8660254038,"cos_month":0.5,"is_weekend":1},"170520":{"DESTINATION_ORIGIN":"PTY","ORIGIN_ORIGIN":"GRU","Airport Origin_origin":"S\u00c3O PAULO\u2013GUARULHOS INTERNATIONAL AIRPORT","Country ORIGIN_origin":"BRAZIL","Airport DESTINATION_origin":"TOCUMEN INTERNATIONAL AIRPORT","Country DESTINATION_origin":"PANAMA","FESTIVO en ORIGEN_origin":null,"FESTIVO en DESTINO_origin":null,"FLIGHT_NUMBER":801,"ORIGIN":30,"DESTINATION":62,"TotalAuthorized":148,"TotalSeatSold":146,"TotalSeatAvailable":8,"DateMonth":12,"DateYear":2017,"Airport ORIGIN":80,"Country ORIGIN":6,"Airport DESTINATION":85,"Country DESTINATION":26,"FESTIVO en ORIGEN":73,"FESTIVO en DESTINO":73,"hour":2,"day":26,"was_overbooked":0,"sin_hour":0.51958395,"cos_hour":0.8544194045,"sin_month":-2.449293598e-16,"cos_month":1.0,"is_weekend":0},"147279":{"DESTINATION_ORIGIN":"SCL","ORIGIN_ORIGIN":"PTY","Airport Origin_origin":"TOCUMEN INTERNATIONAL AIRPORT","Country ORIGIN_origin":"PANAMA","Airport DESTINATION_origin":"COMODORO ARTURO MERINO BEN\u00cdTEZ INTERNATIONAL AIRPORT","Country DESTINATION_origin":"CHILE","FESTIVO en ORIGEN_origin":null,"FESTIVO en DESTINO_origin":null,"FLIGHT_NUMBER":175,"ORIGIN":61,"DESTINATION":69,"TotalAuthorized":154,"TotalSeatSold":147,"TotalSeatAvailable":7,"DateMonth":3,"DateYear":2018,"Airport ORIGIN":83,"Country ORIGIN":24,"Airport DESTINATION":13,"Country DESTINATION":8,"FESTIVO en ORIGEN":73,"FESTIVO en DESTINO":73,"hour":18,"day":2,"was_overbooked":0,"sin_hour":-0.9790840877,"cos_hour":0.2034560131,"sin_month":1.0,"cos_month":6.123233996e-17,"is_weekend":1},"98806":{"DESTINATION_ORIGIN":"JFK","ORIGIN_ORIGIN":"PTY","Airport Origin_origin":"TOCUMEN INTERNATIONAL AIRPORT","Country ORIGIN_origin":"PANAMA","Airport DESTINATION_origin":"JOHN F. KENNEDY INTERNATIONAL AIRPORT","Country DESTINATION_origin":"UNITED STATES","FESTIVO en ORIGEN_origin":null,"FESTIVO en DESTINO_origin":null,"FLIGHT_NUMBER":809,"ORIGIN":61,"DESTINATION":37,"TotalAuthorized":154,"TotalSeatSold":151,"TotalSeatAvailable":3,"DateMonth":7,"DateYear":2018,"Airport ORIGIN":83,"Country ORIGIN":24,"Airport DESTINATION":33,"Country DESTINATION":31,"FESTIVO en ORIGEN":73,"FESTIVO en DESTINO":73,"hour":8,"day":22,"was_overbooked":0,"sin_hour":0.816969893,"cos_hour":-0.5766803221,"sin_month":-0.5,"cos_month":-0.8660254038,"is_weekend":1},"52527":{"DESTINATION_ORIGIN":"CLO","ORIGIN_ORIGIN":"PTY","Airport Origin_origin":"TOCUMEN INTERNATIONAL AIRPORT","Country ORIGIN_origin":"PANAMA","Airport DESTINATION_origin":"ALFONSO BONILLA ARAG\u00d3N INTERNATIONAL AIRPORT","Country DESTINATION_origin":"COLOMBIA","FESTIVO en ORIGEN_origin":null,"FESTIVO en DESTINO_origin":null,"FLIGHT_NUMBER":677,"ORIGIN":61,"DESTINATION":14,"TotalAuthorized":94,"TotalSeatSold":92,"TotalSeatAvailable":2,"DateMonth":12,"DateYear":2018,"Airport ORIGIN":83,"Country ORIGIN":24,"Airport DESTINATION":2,"Country DESTINATION":9,"FESTIVO en ORIGEN":73,"FESTIVO en DESTINO":73,"hour":15,"day":2,"was_overbooked":0,"sin_hour":-0.816969893,"cos_hour":-0.5766803221,"sin_month":-2.449293598e-16,"cos_month":1.0,"is_weekend":1},"50265":{"DESTINATION_ORIGIN":"PTY","ORIGIN_ORIGIN":"POS","Airport Origin_origin":"PIARCO INTERNATIONAL AIRPORT","Country ORIGIN_origin":"TRINIDAD AND TOBAGO","Airport DESTINATION_origin":"TOCUMEN INTERNATIONAL AIRPORT","Country DESTINATION_origin":"PANAMA","FESTIVO en ORIGEN_origin":null,"FESTIVO en DESTINO_origin":"D\u00eda de la Madre","FLIGHT_NUMBER":365,"ORIGIN":60,"DESTINATION":62,"TotalAuthorized":94,"TotalSeatSold":51,"TotalSeatAvailable":43,"DateMonth":12,"DateYear":2018,"Airport ORIGIN":64,"Country ORIGIN":28,"Airport DESTINATION":85,"Country DESTINATION":26,"FESTIVO en ORIGEN":73,"FESTIVO en DESTINO":32,"hour":17,"day":8,"was_overbooked":0,"sin_hour":-0.9976687692,"cos_hour":-0.0682424134,"sin_month":-2.449293598e-16,"cos_month":1.0,"is_weekend":1},"378596":{"DESTINATION_ORIGIN":"SAL","ORIGIN_ORIGIN":"PTY","Airport Origin_origin":"TOCUMEN INTERNATIONAL AIRPORT","Country ORIGIN_origin":"PANAMA","Airport DESTINATION_origin":"MONSE\u00d1OR \u00d3SCAR ARNULFO ROMERO INTERNATIONAL AIRPORT","Country DESTINATION_origin":"EL SALVADOR","FESTIVO en ORIGEN_origin":null,"FESTIVO en DESTINO_origin":null,"FLIGHT_NUMBER":410,"ORIGIN":61,"DESTINATION":67,"TotalAuthorized":171,"TotalSeatSold":138,"TotalSeatAvailable":22,"DateMonth":4,"DateYear":2016,"Airport ORIGIN":83,"Country ORIGIN":24,"Airport DESTINATION":57,"Country DESTINATION":15,"FESTIVO en ORIGEN":73,"FESTIVO en DESTINO":73,"hour":11,"day":23,"was_overbooked":0,"sin_hour":0.1361666491,"cos_hour":-0.990685946,"sin_month":0.8660254038,"cos_month":-0.5,"is_weekend":1},"410103":{"DESTINATION_ORIGIN":"BAQ","ORIGIN_ORIGIN":"PTY","Airport Origin_origin":"TOCUMEN INTERNATIONAL AIRPORT","Country ORIGIN_origin":"PANAMA","Airport DESTINATION_origin":"ERNESTO CORTISSOZ INTERNATIONAL AIRPORT","Country DESTINATION_origin":"COLOMBIA","FESTIVO en ORIGEN_origin":null,"FESTIVO en DESTINO_origin":null,"FLIGHT_NUMBER":635,"ORIGIN":61,"DESTINATION":4,"TotalAuthorized":99,"TotalSeatSold":81,"TotalSeatAvailable":13,"DateMonth":1,"DateYear":2016,"Airport ORIGIN":83,"Country ORIGIN":24,"Airport DESTINATION":21,"Country DESTINATION":9,"FESTIVO en ORIGEN":73,"FESTIVO en DESTINO":73,"hour":21,"day":24,"was_overbooked":0,"sin_hour":-0.51958395,"cos_hour":0.8544194045,"sin_month":0.5,"cos_month":0.8660254038,"is_weekend":1},"213745":{"DESTINATION_ORIGIN":"PTY","ORIGIN_ORIGIN":"LIM","Airport Origin_origin":"JORGE CH\u00c1VEZ INTERNATIONAL AIRPORT","Country ORIGIN_origin":"PERU","Airport DESTINATION_origin":"TOCUMEN INTERNATIONAL AIRPORT","Country DESTINATION_origin":"PANAMA","FESTIVO en ORIGEN_origin":null,"FESTIVO en DESTINO_origin":null,"FLIGHT_NUMBER":492,"ORIGIN":40,"DESTINATION":62,"TotalAuthorized":160,"TotalSeatSold":152,"TotalSeatAvailable":8,"DateMonth":8,"DateYear":2017,"Airport ORIGIN":34,"Country ORIGIN":26,"Airport DESTINATION":85,"Country DESTINATION":26,"FESTIVO en ORIGEN":73,"FESTIVO en DESTINO":73,"hour":4,"day":20,"was_overbooked":0,"sin_hour":0.8878852184,"cos_hour":0.4600650377,"sin_month":-0.8660254038,"cos_month":-0.5,"is_weekend":1},"46648":{"DESTINATION_ORIGIN":"ORD","ORIGIN_ORIGIN":"PTY","Airport Origin_origin":"TOCUMEN INTERNATIONAL AIRPORT","Country ORIGIN_origin":"PANAMA","Airport DESTINATION_origin":"O'HARE INTERNATIONAL AIRPORT","Country DESTINATION_origin":"UNITED STATES","FESTIVO en ORIGEN_origin":null,"FESTIVO en DESTINO_origin":null,"FLIGHT_NUMBER":235,"ORIGIN":61,"DESTINATION":56,"TotalAuthorized":160,"TotalSeatSold":99,"TotalSeatAvailable":61,"DateMonth":12,"DateYear":2018,"Airport ORIGIN":83,"Country ORIGIN":24,"Airport DESTINATION":61,"Country DESTINATION":31,"FESTIVO en ORIGEN":73,"FESTIVO en DESTINO":73,"hour":18,"day":18,"was_overbooked":0,"sin_hour":-0.9790840877,"cos_hour":0.2034560131,"sin_month":-2.449293598e-16,"cos_month":1.0,"is_weekend":0},"172030":{"DESTINATION_ORIGIN":"CCS","ORIGIN_ORIGIN":"PTY","Airport Origin_origin":"TOCUMEN INTERNATIONAL AIRPORT","Country ORIGIN_origin":"PANAMA","Airport DESTINATION_origin":"SIM\u00d3N BOL\u00cdVAR INTERNATIONAL AIRPORT","Country DESTINATION_origin":"VENEZUELA","FESTIVO en ORIGEN_origin":null,"FESTIVO en DESTINO_origin":null,"FLIGHT_NUMBER":224,"ORIGIN":61,"DESTINATION":11,"TotalAuthorized":175,"TotalSeatSold":145,"TotalSeatAvailable":9,"DateMonth":12,"DateYear":2017,"Airport ORIGIN":83,"Country ORIGIN":24,"Airport DESTINATION":81,"Country DESTINATION":33,"FESTIVO en ORIGEN":73,"FESTIVO en DESTINO":73,"hour":8,"day":21,"was_overbooked":0,"sin_hour":0.816969893,"cos_hour":-0.5766803221,"sin_month":-2.449293598e-16,"cos_month":1.0,"is_weekend":0},"195726":{"DESTINATION_ORIGIN":"PTY","ORIGIN_ORIGIN":"LIM","Airport Origin_origin":"JORGE CH\u00c1VEZ INTERNATIONAL AIRPORT","Country ORIGIN_origin":"PERU","Airport DESTINATION_origin":"TOCUMEN INTERNATIONAL AIRPORT","Country DESTINATION_origin":"PANAMA","FESTIVO en ORIGEN_origin":null,"FESTIVO en DESTINO_origin":null,"FLIGHT_NUMBER":132,"ORIGIN":40,"DESTINATION":62,"TotalAuthorized":161,"TotalSeatSold":136,"TotalSeatAvailable":24,"DateMonth":10,"DateYear":2017,"Airport ORIGIN":34,"Country ORIGIN":26,"Airport DESTINATION":85,"Country DESTINATION":26,"FESTIVO en ORIGEN":73,"FESTIVO en DESTINO":73,"hour":16,"day":12,"was_overbooked":0,"sin_hour":-0.9422609221,"cos_hour":-0.3348796122,"sin_month":-0.8660254038,"cos_month":0.5,"is_weekend":0},"7308":{"DESTINATION_ORIGIN":"PTY","ORIGIN_ORIGIN":"CUR","Airport Origin_origin":"CURA\u00c7AO INTERNATIONAL AIRPORT (HATO INT'L AIRPORT)","Country ORIGIN_origin":"CURA\u00c7AO","Airport DESTINATION_origin":"TOCUMEN INTERNATIONAL AIRPORT","Country DESTINATION_origin":"PANAMA","FESTIVO en ORIGEN_origin":null,"FESTIVO en DESTINO_origin":"S\u00e1bado Santo","FLIGHT_NUMBER":289,"ORIGIN":21,"DESTINATION":62,"TotalAuthorized":160,"TotalSeatSold":150,"TotalSeatAvailable":4,"DateMonth":4,"DateYear":2019,"Airport ORIGIN":14,"Country ORIGIN":12,"Airport DESTINATION":85,"Country DESTINATION":26,"FESTIVO en ORIGEN":73,"FESTIVO en DESTINO":90,"hour":13,"day":20,"was_overbooked":0,"sin_hour":-0.3984010898,"cos_hour":-0.9172113015,"sin_month":0.8660254038,"cos_month":-0.5,"is_weekend":1},"247411":{"DESTINATION_ORIGIN":"PTY","ORIGIN_ORIGIN":"MEX","Airport Origin_origin":"MEXICO CITY INTERNATIONAL AIRPORT","Country ORIGIN_origin":"MEXICO","Airport DESTINATION_origin":"TOCUMEN INTERNATIONAL AIRPORT","Country DESTINATION_origin":"PANAMA","FESTIVO en ORIGEN_origin":null,"FESTIVO en DESTINO_origin":null,"FLIGHT_NUMBER":135,"ORIGIN":48,"DESTINATION":62,"TotalAuthorized":154,"TotalSeatSold":109,"TotalSeatAvailable":45,"DateMonth":5,"DateYear":2017,"Airport ORIGIN":54,"Country ORIGIN":22,"Airport DESTINATION":85,"Country DESTINATION":26,"FESTIVO en ORIGEN":73,"FESTIVO en DESTINO":73,"hour":16,"day":14,"was_overbooked":0,"sin_hour":-0.9422609221,"cos_hour":-0.3348796122,"sin_month":0.5,"cos_month":-0.8660254038,"is_weekend":1},"231093":{"DESTINATION_ORIGIN":"PTY","ORIGIN_ORIGIN":"CUN","Airport Origin_origin":"CANC\u00daN INTERNATIONAL AIRPORT","Country ORIGIN_origin":"MEXICO","Airport DESTINATION_origin":"TOCUMEN INTERNATIONAL AIRPORT","Country DESTINATION_origin":"PANAMA","FESTIVO en ORIGEN_origin":null,"FESTIVO en DESTINO_origin":null,"FLIGHT_NUMBER":354,"ORIGIN":20,"DESTINATION":62,"TotalAuthorized":160,"TotalSeatSold":144,"TotalSeatAvailable":16,"DateMonth":7,"DateYear":2017,"Airport ORIGIN":8,"Country ORIGIN":22,"Airport DESTINATION":85,"Country DESTINATION":26,"FESTIVO en ORIGEN":73,"FESTIVO en DESTINO":73,"hour":7,"day":2,"was_overbooked":0,"sin_hour":0.9422609221,"cos_hour":-0.3348796122,"sin_month":-0.5,"cos_month":-0.8660254038,"is_weekend":1},"415530":{"DESTINATION_ORIGIN":"LAX","ORIGIN_ORIGIN":"PTY","Airport Origin_origin":"TOCUMEN INTERNATIONAL AIRPORT","Country ORIGIN_origin":"PANAMA","Airport DESTINATION_origin":"LOS ANGELES INTERNATIONAL AIRPORT","Country DESTINATION_origin":"UNITED STATES","FESTIVO en ORIGEN_origin":"D\u00eda de los M\u00e1rtires","FESTIVO en DESTINO_origin":null,"FLIGHT_NUMBER":472,"ORIGIN":61,"DESTINATION":40,"TotalAuthorized":156,"TotalSeatSold":151,"TotalSeatAvailable":0,"DateMonth":1,"DateYear":2016,"Airport ORIGIN":83,"Country ORIGIN":24,"Airport DESTINATION":45,"Country DESTINATION":31,"FESTIVO en ORIGEN":43,"FESTIVO en DESTINO":73,"hour":11,"day":9,"was_overbooked":0,"sin_hour":0.1361666491,"cos_hour":-0.990685946,"sin_month":0.5,"cos_month":0.8660254038,"is_weekend":1},"362770":{"DESTINATION_ORIGIN":"SJO","ORIGIN_ORIGIN":"PTY","Airport Origin_origin":"TOCUMEN INTERNATIONAL AIRPORT","Country ORIGIN_origin":"PANAMA","Airport DESTINATION_origin":"JUAN SANTAMAR\u00cdA INTERNATIONAL AIRPORT","Country DESTINATION_origin":"COSTA RICA","FESTIVO en ORIGEN_origin":null,"FESTIVO en DESTINO_origin":null,"FLIGHT_NUMBER":164,"ORIGIN":61,"DESTINATION":73,"TotalAuthorized":98,"TotalSeatSold":90,"TotalSeatAvailable":4,"DateMonth":6,"DateYear":2016,"Airport ORIGIN":83,"Country ORIGIN":24,"Airport DESTINATION":39,"Country DESTINATION":10,"FESTIVO en ORIGEN":73,"FESTIVO en DESTINO":73,"hour":15,"day":8,"was_overbooked":0,"sin_hour":-0.816969893,"cos_hour":-0.5766803221,"sin_month":1.224646799e-16,"cos_month":-1.0,"is_weekend":0},"407202":{"DESTINATION_ORIGIN":"PTY","ORIGIN_ORIGIN":"MDE","Airport Origin_origin":"JOS\u00c9 MAR\u00cdA C\u00d3RDOVA INTERNATIONAL AIRPORT","Country ORIGIN_origin":"COLOMBIA","Airport DESTINATION_origin":"TOCUMEN INTERNATIONAL AIRPORT","Country DESTINATION_origin":"PANAMA","FESTIVO en ORIGEN_origin":null,"FESTIVO en DESTINO_origin":null,"FLIGHT_NUMBER":642,"ORIGIN":46,"DESTINATION":62,"TotalAuthorized":141,"TotalSeatSold":115,"TotalSeatAvailable":9,"DateMonth":2,"DateYear":2016,"Airport ORIGIN":37,"Country ORIGIN":9,"Airport DESTINATION":85,"Country DESTINATION":26,"FESTIVO en ORIGEN":73,"FESTIVO en DESTINO":73,"hour":6,"day":1,"was_overbooked":0,"sin_hour":0.9976687692,"cos_hour":-0.0682424134,"sin_month":0.8660254038,"cos_month":0.5,"is_weekend":0},"98266":{"DESTINATION_ORIGIN":"LIM","ORIGIN_ORIGIN":"PTY","Airport Origin_origin":"TOCUMEN INTERNATIONAL AIRPORT","Country ORIGIN_origin":"PANAMA","Airport DESTINATION_origin":"JORGE CH\u00c1VEZ INTERNATIONAL AIRPORT","Country DESTINATION_origin":"PERU","FESTIVO en ORIGEN_origin":null,"FESTIVO en DESTINO_origin":null,"FLIGHT_NUMBER":337,"ORIGIN":61,"DESTINATION":41,"TotalAuthorized":124,"TotalSeatSold":103,"TotalSeatAvailable":21,"DateMonth":7,"DateYear":2018,"Airport ORIGIN":83,"Country ORIGIN":24,"Airport DESTINATION":34,"Country DESTINATION":28,"FESTIVO en ORIGEN":73,"FESTIVO en DESTINO":73,"hour":21,"day":23,"was_overbooked":0,"sin_hour":-0.51958395,"cos_hour":0.8544194045,"sin_month":-0.5,"cos_month":-0.8660254038,"is_weekend":0},"394038":{"DESTINATION_ORIGIN":"PTY","ORIGIN_ORIGIN":"MEX","Airport Origin_origin":"MEXICO CITY INTERNATIONAL AIRPORT","Country ORIGIN_origin":"MEXICO","Airport DESTINATION_origin":"TOCUMEN INTERNATIONAL AIRPORT","Country DESTINATION_origin":"PANAMA","FESTIVO en ORIGEN_origin":null,"FESTIVO en DESTINO_origin":null,"FLIGHT_NUMBER":428,"ORIGIN":48,"DESTINATION":62,"TotalAuthorized":176,"TotalSeatSold":54,"TotalSeatAvailable":106,"DateMonth":3,"DateYear":2016,"Airport ORIGIN":54,"Country ORIGIN":22,"Airport DESTINATION":85,"Country DESTINATION":26,"FESTIVO en ORIGEN":73,"FESTIVO en DESTINO":73,"hour":1,"day":9,"was_overbooked":0,"sin_hour":0.2697967712,"cos_hour":0.9629172873,"sin_month":1.0,"cos_month":6.123233996e-17,"is_weekend":0},"287330":{"DESTINATION_ORIGIN":"PTY","ORIGIN_ORIGIN":"GYE","Airport Origin_origin":"JOS\u00c9 JOAQU\u00cdN DE OLMEDO INTERNATIONAL AIRPORT","Country ORIGIN_origin":"ECUADOR","Airport DESTINATION_origin":"TOCUMEN INTERNATIONAL AIRPORT","Country DESTINATION_origin":"PANAMA","FESTIVO en ORIGEN_origin":null,"FESTIVO en DESTINO_origin":null,"FLIGHT_NUMBER":310,"ORIGIN":32,"DESTINATION":62,"TotalAuthorized":124,"TotalSeatSold":63,"TotalSeatAvailable":61,"DateMonth":1,"DateYear":2017,"Airport ORIGIN":35,"Country ORIGIN":14,"Airport DESTINATION":85,"Country DESTINATION":26,"FESTIVO en ORIGEN":73,"FESTIVO en DESTINO":73,"hour":18,"day":16,"was_overbooked":0,"sin_hour":-0.9790840877,"cos_hour":0.2034560131,"sin_month":0.5,"cos_month":0.8660254038,"is_weekend":0},"137839":{"DESTINATION_ORIGIN":"PTY","ORIGIN_ORIGIN":"MIA","Airport Origin_origin":"MIAMI INTERNATIONAL AIRPORT","Country ORIGIN_origin":"UNITED STATES","Airport DESTINATION_origin":"TOCUMEN INTERNATIONAL AIRPORT","Country DESTINATION_origin":"PANAMA","FESTIVO en ORIGEN_origin":null,"FESTIVO en DESTINO_origin":"Viernes Santo","FLIGHT_NUMBER":333,"ORIGIN":50,"DESTINATION":62,"TotalAuthorized":160,"TotalSeatSold":137,"TotalSeatAvailable":23,"DateMonth":3,"DateYear":2018,"Airport ORIGIN":55,"Country ORIGIN":29,"Airport DESTINATION":85,"Country DESTINATION":26,"FESTIVO en ORIGEN":73,"FESTIVO en DESTINO":93,"hour":17,"day":30,"was_overbooked":0,"sin_hour":-0.9976687692,"cos_hour":-0.0682424134,"sin_month":1.0,"cos_month":6.123233996e-17,"is_weekend":1},"237565":{"DESTINATION_ORIGIN":"LAS","ORIGIN_ORIGIN":"PTY","Airport Origin_origin":"TOCUMEN INTERNATIONAL AIRPORT","Country ORIGIN_origin":"PANAMA","Airport DESTINATION_origin":"MCCARRAN INTERNATIONAL AIRPORT","Country DESTINATION_origin":"UNITED STATES","FESTIVO en ORIGEN_origin":null,"FESTIVO en DESTINO_origin":null,"FLIGHT_NUMBER":456,"ORIGIN":61,"DESTINATION":39,"TotalAuthorized":169,"TotalSeatSold":107,"TotalSeatAvailable":53,"DateMonth":6,"DateYear":2017,"Airport ORIGIN":83,"Country ORIGIN":24,"Airport DESTINATION":53,"Country DESTINATION":31,"FESTIVO en ORIGEN":73,"FESTIVO en DESTINO":73,"hour":18,"day":13,"was_overbooked":0,"sin_hour":-0.9790840877,"cos_hour":0.2034560131,"sin_month":1.224646799e-16,"cos_month":-1.0,"is_weekend":0},"155689":{"DESTINATION_ORIGIN":"PTY","ORIGIN_ORIGIN":"HAV","Airport Origin_origin":"JOS\u00c9 MART\u00cd INTERNATIONAL AIRPORT","Country ORIGIN_origin":"CUBA","Airport DESTINATION_origin":"TOCUMEN INTERNATIONAL AIRPORT","Country DESTINATION_origin":"PANAMA","FESTIVO en ORIGEN_origin":null,"FESTIVO en DESTINO_origin":null,"FLIGHT_NUMBER":295,"ORIGIN":33,"DESTINATION":62,"TotalAuthorized":94,"TotalSeatSold":86,"TotalSeatAvailable":8,"DateMonth":2,"DateYear":2018,"Airport ORIGIN":36,"Country ORIGIN":11,"Airport DESTINATION":85,"Country DESTINATION":26,"FESTIVO en ORIGEN":73,"FESTIVO en DESTINO":73,"hour":5,"day":6,"was_overbooked":0,"sin_hour":0.9790840877,"cos_hour":0.2034560131,"sin_month":0.8660254038,"cos_month":0.5,"is_weekend":0},"283508":{"DESTINATION_ORIGIN":"PTY","ORIGIN_ORIGIN":"GUA","Airport Origin_origin":"LA AURORA INTERNATIONAL AIRPORT","Country ORIGIN_origin":"GUATEMALA","Airport DESTINATION_origin":"TOCUMEN INTERNATIONAL AIRPORT","Country DESTINATION_origin":"PANAMA","FESTIVO en ORIGEN_origin":null,"FESTIVO en DESTINO_origin":null,"FLIGHT_NUMBER":319,"ORIGIN":31,"DESTINATION":62,"TotalAuthorized":89,"TotalSeatSold":72,"TotalSeatAvailable":13,"DateMonth":1,"DateYear":2017,"Airport ORIGIN":40,"Country ORIGIN":16,"Airport DESTINATION":85,"Country DESTINATION":26,"FESTIVO en ORIGEN":73,"FESTIVO en DESTINO":73,"hour":14,"day":27,"was_overbooked":0,"sin_hour":-0.6310879443,"cos_hour":-0.7757112907,"sin_month":0.5,"cos_month":0.8660254038,"is_weekend":1},"31667":{"DESTINATION_ORIGIN":"SCL","ORIGIN_ORIGIN":"PTY","Airport Origin_origin":"TOCUMEN INTERNATIONAL AIRPORT","Country ORIGIN_origin":"PANAMA","Airport DESTINATION_origin":"COMODORO ARTURO MERINO BEN\u00cdTEZ INTERNATIONAL AIRPORT","Country DESTINATION_origin":"CHILE","FESTIVO en ORIGEN_origin":null,"FESTIVO en DESTINO_origin":null,"FLIGHT_NUMBER":111,"ORIGIN":61,"DESTINATION":69,"TotalAuthorized":154,"TotalSeatSold":135,"TotalSeatAvailable":19,"DateMonth":1,"DateYear":2019,"Airport ORIGIN":83,"Country ORIGIN":24,"Airport DESTINATION":13,"Country DESTINATION":8,"FESTIVO en ORIGEN":73,"FESTIVO en DESTINO":73,"hour":16,"day":28,"was_overbooked":0,"sin_hour":-0.9422609221,"cos_hour":-0.3348796122,"sin_month":0.5,"cos_month":0.8660254038,"is_weekend":0},"118406":{"DESTINATION_ORIGIN":"GUA","ORIGIN_ORIGIN":"SJO","Airport Origin_origin":"JUAN SANTAMAR\u00cdA INTERNATIONAL AIRPORT","Country ORIGIN_origin":"COSTA RICA","Airport DESTINATION_origin":"LA AURORA INTERNATIONAL AIRPORT","Country DESTINATION_origin":"GUATEMALA","FESTIVO en ORIGEN_origin":null,"FESTIVO en DESTINO_origin":null,"FLIGHT_NUMBER":787,"ORIGIN":72,"DESTINATION":32,"TotalAuthorized":105,"TotalSeatSold":92,"TotalSeatAvailable":8,"DateMonth":5,"DateYear":2018,"Airport ORIGIN":39,"Country ORIGIN":10,"Airport DESTINATION":40,"Country DESTINATION":17,"FESTIVO en ORIGEN":73,"FESTIVO en DESTINO":73,"hour":8,"day":27,"was_overbooked":0,"sin_hour":0.816969893,"cos_hour":-0.5766803221,"sin_month":0.5,"cos_month":-0.8660254038,"is_weekend":1},"86717":{"DESTINATION_ORIGIN":"YUL","ORIGIN_ORIGIN":"PTY","Airport Origin_origin":"TOCUMEN INTERNATIONAL AIRPORT","Country ORIGIN_origin":"PANAMA","Airport DESTINATION_origin":"MONTR\u00c9AL\u2013PIERRE ELLIOTT TRUDEAU INTERNATIONAL AIRPORT","Country DESTINATION_origin":"CANADA","FESTIVO en ORIGEN_origin":null,"FESTIVO en DESTINO_origin":null,"FLIGHT_NUMBER":422,"ORIGIN":61,"DESTINATION":89,"TotalAuthorized":160,"TotalSeatSold":157,"TotalSeatAvailable":3,"DateMonth":8,"DateYear":2018,"Airport ORIGIN":83,"Country ORIGIN":24,"Airport DESTINATION":58,"Country DESTINATION":7,"FESTIVO en ORIGEN":73,"FESTIVO en DESTINO":73,"hour":18,"day":25,"was_overbooked":0,"sin_hour":-0.9790840877,"cos_hour":0.2034560131,"sin_month":-0.8660254038,"cos_month":-0.5,"is_weekend":1},"255901":{"DESTINATION_ORIGIN":"PTY","ORIGIN_ORIGIN":"HAV","Airport Origin_origin":"JOS\u00c9 MART\u00cd INTERNATIONAL AIRPORT","Country ORIGIN_origin":"CUBA","Airport DESTINATION_origin":"TOCUMEN INTERNATIONAL AIRPORT","Country DESTINATION_origin":"PANAMA","FESTIVO en ORIGEN_origin":null,"FESTIVO en DESTINO_origin":null,"FLIGHT_NUMBER":437,"ORIGIN":33,"DESTINATION":62,"TotalAuthorized":154,"TotalSeatSold":153,"TotalSeatAvailable":1,"DateMonth":4,"DateYear":2017,"Airport ORIGIN":36,"Country ORIGIN":11,"Airport DESTINATION":85,"Country DESTINATION":26,"FESTIVO en ORIGEN":73,"FESTIVO en DESTINO":73,"hour":17,"day":19,"was_overbooked":0,"sin_hour":-0.9976687692,"cos_hour":-0.0682424134,"sin_month":0.8660254038,"cos_month":-0.5,"is_weekend":0},"30843":{"DESTINATION_ORIGIN":"MDE","ORIGIN_ORIGIN":"PTY","Airport Origin_origin":"TOCUMEN INTERNATIONAL AIRPORT","Country ORIGIN_origin":"PANAMA","Airport DESTINATION_origin":"JOS\u00c9 MAR\u00cdA C\u00d3RDOVA INTERNATIONAL AIRPORT","Country DESTINATION_origin":"COLOMBIA","FESTIVO en ORIGEN_origin":null,"FESTIVO en DESTINO_origin":null,"FLIGHT_NUMBER":613,"ORIGIN":61,"DESTINATION":47,"TotalAuthorized":124,"TotalSeatSold":115,"TotalSeatAvailable":9,"DateMonth":1,"DateYear":2019,"Airport ORIGIN":83,"Country ORIGIN":24,"Airport DESTINATION":37,"Country DESTINATION":9,"FESTIVO en ORIGEN":73,"FESTIVO en DESTINO":73,"hour":12,"day":31,"was_overbooked":0,"sin_hour":-0.1361666491,"cos_hour":-0.990685946,"sin_month":0.5,"cos_month":0.8660254038,"is_weekend":0},"274808":{"DESTINATION_ORIGIN":"PTY","ORIGIN_ORIGIN":"MTY","Airport Origin_origin":"GENERAL MARIANO ESCOBEDO INTERNATIONAL AIRPORT","Country ORIGIN_origin":"MEXICO","Airport DESTINATION_origin":"TOCUMEN INTERNATIONAL AIRPORT","Country DESTINATION_origin":"PANAMA","FESTIVO en ORIGEN_origin":null,"FESTIVO en DESTINO_origin":null,"FLIGHT_NUMBER":156,"ORIGIN":52,"DESTINATION":62,"TotalAuthorized":94,"TotalSeatSold":37,"TotalSeatAvailable":57,"DateMonth":2,"DateYear":2017,"Airport ORIGIN":26,"Country ORIGIN":22,"Airport DESTINATION":85,"Country DESTINATION":26,"FESTIVO en ORIGEN":73,"FESTIVO en DESTINO":73,"hour":5,"day":21,"was_overbooked":0,"sin_hour":0.9790840877,"cos_hour":0.2034560131,"sin_month":0.8660254038,"cos_month":0.5,"is_weekend":0},"119417":{"DESTINATION_ORIGIN":"GYE","ORIGIN_ORIGIN":"PTY","Airport Origin_origin":"TOCUMEN INTERNATIONAL AIRPORT","Country ORIGIN_origin":"PANAMA","Airport DESTINATION_origin":"JOS\u00c9 JOAQU\u00cdN DE OLMEDO INTERNATIONAL AIRPORT","Country DESTINATION_origin":"ECUADOR","FESTIVO en ORIGEN_origin":null,"FESTIVO en DESTINO_origin":null,"FLIGHT_NUMBER":687,"ORIGIN":61,"DESTINATION":33,"TotalAuthorized":93,"TotalSeatSold":85,"TotalSeatAvailable":9,"DateMonth":5,"DateYear":2018,"Airport ORIGIN":83,"Country ORIGIN":24,"Airport DESTINATION":35,"Country DESTINATION":14,"FESTIVO en ORIGEN":73,"FESTIVO en DESTINO":73,"hour":18,"day":24,"was_overbooked":0,"sin_hour":-0.9790840877,"cos_hour":0.2034560131,"sin_month":0.5,"cos_month":-0.8660254038,"is_weekend":0},"349540":{"DESTINATION_ORIGIN":"PTY","ORIGIN_ORIGIN":"DAV","Airport Origin_origin":"ENRIQUE MALEK INTERNATIONAL AIRPORT","Country ORIGIN_origin":"PANAMA","Airport DESTINATION_origin":"TOCUMEN INTERNATIONAL AIRPORT","Country DESTINATION_origin":"PANAMA","FESTIVO en ORIGEN_origin":null,"FESTIVO en DESTINO_origin":null,"FLIGHT_NUMBER":16,"ORIGIN":22,"DESTINATION":62,"TotalAuthorized":95,"TotalSeatSold":74,"TotalSeatAvailable":50,"DateMonth":7,"DateYear":2016,"Airport ORIGIN":20,"Country ORIGIN":24,"Airport DESTINATION":85,"Country DESTINATION":26,"FESTIVO en ORIGEN":73,"FESTIVO en DESTINO":73,"hour":19,"day":16,"was_overbooked":0,"sin_hour":-0.8878852184,"cos_hour":0.4600650377,"sin_month":-0.5,"cos_month":-0.8660254038,"is_weekend":1},"324893":{"DESTINATION_ORIGIN":"GIG","ORIGIN_ORIGIN":"PTY","Airport Origin_origin":"TOCUMEN INTERNATIONAL AIRPORT","Country ORIGIN_origin":"PANAMA","Airport DESTINATION_origin":"RIO DE JANEIRO\u2013GALE\u00c3O INTERNATIONAL AIRPORT","Country DESTINATION_origin":"BRAZIL","FESTIVO en ORIGEN_origin":null,"FESTIVO en DESTINO_origin":null,"FLIGHT_NUMBER":216,"ORIGIN":61,"DESTINATION":30,"TotalAuthorized":154,"TotalSeatSold":133,"TotalSeatAvailable":18,"DateMonth":9,"DateYear":2016,"Airport ORIGIN":83,"Country ORIGIN":24,"Airport DESTINATION":74,"Country DESTINATION":6,"FESTIVO en ORIGEN":73,"FESTIVO en DESTINO":73,"hour":21,"day":27,"was_overbooked":0,"sin_hour":-0.51958395,"cos_hour":0.8544194045,"sin_month":-1.0,"cos_month":-1.836970199e-16,"is_weekend":0},"91929":{"DESTINATION_ORIGIN":"MIA","ORIGIN_ORIGIN":"PTY","Airport Origin_origin":"TOCUMEN INTERNATIONAL AIRPORT","Country ORIGIN_origin":"PANAMA","Airport DESTINATION_origin":"MIAMI INTERNATIONAL AIRPORT","Country DESTINATION_origin":"UNITED STATES","FESTIVO en ORIGEN_origin":null,"FESTIVO en DESTINO_origin":null,"FLIGHT_NUMBER":427,"ORIGIN":61,"DESTINATION":51,"TotalAuthorized":160,"TotalSeatSold":161,"TotalSeatAvailable":-1,"DateMonth":8,"DateYear":2018,"Airport ORIGIN":83,"Country ORIGIN":24,"Airport DESTINATION":55,"Country DESTINATION":31,"FESTIVO en ORIGEN":73,"FESTIVO en DESTINO":73,"hour":18,"day":10,"was_overbooked":1,"sin_hour":-0.9790840877,"cos_hour":0.2034560131,"sin_month":-0.8660254038,"cos_month":-0.5,"is_weekend":1},"62135":{"DESTINATION_ORIGIN":"MDE","ORIGIN_ORIGIN":"PTY","Airport Origin_origin":"TOCUMEN INTERNATIONAL AIRPORT","Country ORIGIN_origin":"PANAMA","Airport DESTINATION_origin":"JOS\u00c9 MAR\u00cdA C\u00d3RDOVA INTERNATIONAL AIRPORT","Country DESTINATION_origin":"COLOMBIA","FESTIVO en ORIGEN_origin":"D\u00eda de la Bandera","FESTIVO en DESTINO_origin":null,"FLIGHT_NUMBER":643,"ORIGIN":61,"DESTINATION":47,"TotalAuthorized":124,"TotalSeatSold":116,"TotalSeatAvailable":8,"DateMonth":11,"DateYear":2018,"Airport ORIGIN":83,"Country ORIGIN":24,"Airport DESTINATION":37,"Country DESTINATION":9,"FESTIVO en ORIGEN":25,"FESTIVO en DESTINO":73,"hour":21,"day":4,"was_overbooked":0,"sin_hour":-0.51958395,"cos_hour":0.8544194045,"sin_month":-0.5,"cos_month":0.8660254038,"is_weekend":1},"28339":{"DESTINATION_ORIGIN":"YUL","ORIGIN_ORIGIN":"PTY","Airport Origin_origin":"TOCUMEN INTERNATIONAL AIRPORT","Country ORIGIN_origin":"PANAMA","Airport DESTINATION_origin":"MONTR\u00c9AL\u2013PIERRE ELLIOTT TRUDEAU INTERNATIONAL AIRPORT","Country DESTINATION_origin":"CANADA","FESTIVO en ORIGEN_origin":null,"FESTIVO en DESTINO_origin":null,"FLIGHT_NUMBER":422,"ORIGIN":61,"DESTINATION":89,"TotalAuthorized":160,"TotalSeatSold":156,"TotalSeatAvailable":4,"DateMonth":2,"DateYear":2019,"Airport ORIGIN":83,"Country ORIGIN":24,"Airport DESTINATION":58,"Country DESTINATION":7,"FESTIVO en ORIGEN":73,"FESTIVO en DESTINO":73,"hour":18,"day":7,"was_overbooked":0,"sin_hour":-0.9790840877,"cos_hour":0.2034560131,"sin_month":0.8660254038,"cos_month":0.5,"is_weekend":0},"28209":{"DESTINATION_ORIGIN":"BSB","ORIGIN_ORIGIN":"PTY","Airport Origin_origin":"TOCUMEN INTERNATIONAL AIRPORT","Country ORIGIN_origin":"PANAMA","Airport DESTINATION_origin":"BRAS\u00cdLIA INTERNATIONAL AIRPORT (PRESIDENTE J. KUBITSCHEK INT'L AIRPORT)","Country DESTINATION_origin":"BRAZIL","FESTIVO en ORIGEN_origin":null,"FESTIVO en DESTINO_origin":null,"FLIGHT_NUMBER":205,"ORIGIN":61,"DESTINATION":9,"TotalAuthorized":160,"TotalSeatSold":109,"TotalSeatAvailable":51,"DateMonth":2,"DateYear":2019,"Airport ORIGIN":83,"Country ORIGIN":24,"Airport DESTINATION":6,"Country DESTINATION":6,"FESTIVO en ORIGEN":73,"FESTIVO en DESTINO":73,"hour":15,"day":7,"was_overbooked":0,"sin_hour":-0.816969893,"cos_hour":-0.5766803221,"sin_month":0.8660254038,"cos_month":0.5,"is_weekend":0},"280117":{"DESTINATION_ORIGIN":"PTY","ORIGIN_ORIGIN":"SJO","Airport Origin_origin":"JUAN SANTAMAR\u00cdA INTERNATIONAL AIRPORT","Country ORIGIN_origin":"COSTA RICA","Airport DESTINATION_origin":"TOCUMEN INTERNATIONAL AIRPORT","Country DESTINATION_origin":"PANAMA","FESTIVO en ORIGEN_origin":null,"FESTIVO en DESTINO_origin":null,"FLIGHT_NUMBER":459,"ORIGIN":72,"DESTINATION":62,"TotalAuthorized":124,"TotalSeatSold":110,"TotalSeatAvailable":14,"DateMonth":2,"DateYear":2017,"Airport ORIGIN":39,"Country ORIGIN":10,"Airport DESTINATION":85,"Country DESTINATION":26,"FESTIVO en ORIGEN":73,"FESTIVO en DESTINO":73,"hour":4,"day":6,"was_overbooked":0,"sin_hour":0.8878852184,"cos_hour":0.4600650377,"sin_month":0.8660254038,"cos_month":0.5,"is_weekend":0},"377604":{"DESTINATION_ORIGIN":"PTY","ORIGIN_ORIGIN":"MCO","Airport Origin_origin":"ORLANDO INTERNATIONAL AIRPORT","Country ORIGIN_origin":"UNITED STATES","Airport DESTINATION_origin":"TOCUMEN INTERNATIONAL AIRPORT","Country DESTINATION_origin":"PANAMA","FESTIVO en ORIGEN_origin":null,"FESTIVO en DESTINO_origin":null,"FLIGHT_NUMBER":479,"ORIGIN":45,"DESTINATION":62,"TotalAuthorized":166,"TotalSeatSold":131,"TotalSeatAvailable":23,"DateMonth":4,"DateYear":2016,"Airport ORIGIN":61,"Country ORIGIN":29,"Airport DESTINATION":85,"Country DESTINATION":26,"FESTIVO en ORIGEN":73,"FESTIVO en DESTINO":73,"hour":15,"day":26,"was_overbooked":0,"sin_hour":-0.816969893,"cos_hour":-0.5766803221,"sin_month":0.8660254038,"cos_month":-0.5,"is_weekend":0},"252028":{"DESTINATION_ORIGIN":"PTY","ORIGIN_ORIGIN":"UIO","Airport Origin_origin":"MARISCAL SUCRE INTERNATIONAL AIRPORT","Country ORIGIN_origin":"ECUADOR","Airport DESTINATION_origin":"TOCUMEN INTERNATIONAL AIRPORT","Country DESTINATION_origin":"PANAMA","FESTIVO en ORIGEN_origin":null,"FESTIVO en DESTINO_origin":"D\u00eda del Trabajo","FLIGHT_NUMBER":828,"ORIGIN":82,"DESTINATION":62,"TotalAuthorized":160,"TotalSeatSold":142,"TotalSeatAvailable":18,"DateMonth":5,"DateYear":2017,"Airport ORIGIN":50,"Country ORIGIN":14,"Airport DESTINATION":85,"Country DESTINATION":26,"FESTIVO en ORIGEN":73,"FESTIVO en DESTINO":50,"hour":15,"day":1,"was_overbooked":0,"sin_hour":-0.816969893,"cos_hour":-0.5766803221,"sin_month":0.5,"cos_month":-0.8660254038,"is_weekend":0},"114181":{"DESTINATION_ORIGIN":"MDE","ORIGIN_ORIGIN":"PTY","Airport Origin_origin":"TOCUMEN INTERNATIONAL AIRPORT","Country ORIGIN_origin":"PANAMA","Airport DESTINATION_origin":"JOS\u00c9 MAR\u00cdA C\u00d3RDOVA INTERNATIONAL AIRPORT","Country DESTINATION_origin":"COLOMBIA","FESTIVO en ORIGEN_origin":null,"FESTIVO en DESTINO_origin":null,"FLIGHT_NUMBER":531,"ORIGIN":61,"DESTINATION":47,"TotalAuthorized":163,"TotalSeatSold":153,"TotalSeatAvailable":7,"DateMonth":6,"DateYear":2018,"Airport ORIGIN":83,"Country ORIGIN":24,"Airport DESTINATION":37,"Country DESTINATION":9,"FESTIVO en ORIGEN":73,"FESTIVO en DESTINO":73,"hour":16,"day":8,"was_overbooked":0,"sin_hour":-0.9422609221,"cos_hour":-0.3348796122,"sin_month":1.224646799e-16,"cos_month":-1.0,"is_weekend":1},"305034":{"DESTINATION_ORIGIN":"CCS","ORIGIN_ORIGIN":"PTY","Airport Origin_origin":"TOCUMEN INTERNATIONAL AIRPORT","Country ORIGIN_origin":"PANAMA","Airport DESTINATION_origin":"SIM\u00d3N BOL\u00cdVAR INTERNATIONAL AIRPORT","Country DESTINATION_origin":"VENEZUELA","FESTIVO en ORIGEN_origin":null,"FESTIVO en DESTINO_origin":null,"FLIGHT_NUMBER":224,"ORIGIN":61,"DESTINATION":11,"TotalAuthorized":154,"TotalSeatSold":122,"TotalSeatAvailable":32,"DateMonth":11,"DateYear":2016,"Airport ORIGIN":83,"Country ORIGIN":24,"Airport DESTINATION":81,"Country DESTINATION":33,"FESTIVO en ORIGEN":73,"FESTIVO en DESTINO":73,"hour":9,"day":25,"was_overbooked":0,"sin_hour":0.6310879443,"cos_hour":-0.7757112907,"sin_month":-0.5,"cos_month":0.8660254038,"is_weekend":1},"11784":{"DESTINATION_ORIGIN":"PTY","ORIGIN_ORIGIN":"MDE","Airport Origin_origin":"JOS\u00c9 MAR\u00cdA C\u00d3RDOVA INTERNATIONAL AIRPORT","Country ORIGIN_origin":"COLOMBIA","Airport DESTINATION_origin":"TOCUMEN INTERNATIONAL AIRPORT","Country DESTINATION_origin":"PANAMA","FESTIVO en ORIGEN_origin":null,"FESTIVO en DESTINO_origin":null,"FLIGHT_NUMBER":612,"ORIGIN":46,"DESTINATION":62,"TotalAuthorized":124,"TotalSeatSold":107,"TotalSeatAvailable":17,"DateMonth":3,"DateYear":2019,"Airport ORIGIN":37,"Country ORIGIN":9,"Airport DESTINATION":85,"Country DESTINATION":26,"FESTIVO en ORIGEN":73,"FESTIVO en DESTINO":73,"hour":16,"day":27,"was_overbooked":0,"sin_hour":-0.9422609221,"cos_hour":-0.3348796122,"sin_month":1.0,"cos_month":6.123233996e-17,"is_weekend":0},"260260":{"DESTINATION_ORIGIN":"GUA","ORIGIN_ORIGIN":"PTY","Airport Origin_origin":"TOCUMEN INTERNATIONAL AIRPORT","Country ORIGIN_origin":"PANAMA","Airport DESTINATION_origin":"LA AURORA INTERNATIONAL AIRPORT","Country DESTINATION_origin":"GUATEMALA","FESTIVO en ORIGEN_origin":null,"FESTIVO en DESTINO_origin":null,"FLIGHT_NUMBER":496,"ORIGIN":61,"DESTINATION":32,"TotalAuthorized":95,"TotalSeatSold":84,"TotalSeatAvailable":10,"DateMonth":4,"DateYear":2017,"Airport ORIGIN":83,"Country ORIGIN":24,"Airport DESTINATION":40,"Country DESTINATION":17,"FESTIVO en ORIGEN":73,"FESTIVO en DESTINO":73,"hour":21,"day":6,"was_overbooked":0,"sin_hour":-0.51958395,"cos_hour":0.8544194045,"sin_month":0.8660254038,"cos_month":-0.5,"is_weekend":0},"244206":{"DESTINATION_ORIGIN":"PTY","ORIGIN_ORIGIN":"YUL","Airport Origin_origin":"MONTR\u00c9AL\u2013PIERRE ELLIOTT TRUDEAU INTERNATIONAL AIRPORT","Country ORIGIN_origin":"CANADA","Airport DESTINATION_origin":"TOCUMEN INTERNATIONAL AIRPORT","Country DESTINATION_origin":"PANAMA","FESTIVO en ORIGEN_origin":null,"FESTIVO en DESTINO_origin":null,"FLIGHT_NUMBER":423,"ORIGIN":87,"DESTINATION":62,"TotalAuthorized":160,"TotalSeatSold":129,"TotalSeatAvailable":31,"DateMonth":5,"DateYear":2017,"Airport ORIGIN":58,"Country ORIGIN":7,"Airport DESTINATION":85,"Country DESTINATION":26,"FESTIVO en ORIGEN":73,"FESTIVO en DESTINO":73,"hour":9,"day":24,"was_overbooked":0,"sin_hour":0.6310879443,"cos_hour":-0.7757112907,"sin_month":0.5,"cos_month":-0.8660254038,"is_weekend":0},"139825":{"DESTINATION_ORIGIN":"GIG","ORIGIN_ORIGIN":"PTY","Airport Origin_origin":"TOCUMEN INTERNATIONAL AIRPORT","Country ORIGIN_origin":"PANAMA","Airport DESTINATION_origin":"RIO DE JANEIRO\u2013GALE\u00c3O INTERNATIONAL AIRPORT","Country DESTINATION_origin":"BRAZIL","FESTIVO en ORIGEN_origin":null,"FESTIVO en DESTINO_origin":null,"FLIGHT_NUMBER":216,"ORIGIN":61,"DESTINATION":30,"TotalAuthorized":154,"TotalSeatSold":142,"TotalSeatAvailable":12,"DateMonth":3,"DateYear":2018,"Airport ORIGIN":83,"Country ORIGIN":24,"Airport DESTINATION":74,"Country DESTINATION":6,"FESTIVO en ORIGEN":73,"FESTIVO en DESTINO":73,"hour":21,"day":24,"was_overbooked":0,"sin_hour":-0.51958395,"cos_hour":0.8544194045,"sin_month":1.0,"cos_month":6.123233996e-17,"is_weekend":1},"222556":{"DESTINATION_ORIGIN":"MDE","ORIGIN_ORIGIN":"PTY","Airport Origin_origin":"TOCUMEN INTERNATIONAL AIRPORT","Country ORIGIN_origin":"PANAMA","Airport DESTINATION_origin":"JOS\u00c9 MAR\u00cdA C\u00d3RDOVA INTERNATIONAL AIRPORT","Country DESTINATION_origin":"COLOMBIA","FESTIVO en ORIGEN_origin":null,"FESTIVO en DESTINO_origin":null,"FLIGHT_NUMBER":533,"ORIGIN":61,"DESTINATION":47,"TotalAuthorized":94,"TotalSeatSold":84,"TotalSeatAvailable":10,"DateMonth":7,"DateYear":2017,"Airport ORIGIN":83,"Country ORIGIN":24,"Airport DESTINATION":37,"Country DESTINATION":9,"FESTIVO en ORIGEN":73,"FESTIVO en DESTINO":73,"hour":7,"day":26,"was_overbooked":0,"sin_hour":0.9422609221,"cos_hour":-0.3348796122,"sin_month":-0.5,"cos_month":-0.8660254038,"is_weekend":0},"198588":{"DESTINATION_ORIGIN":"LIM","ORIGIN_ORIGIN":"PTY","Airport Origin_origin":"TOCUMEN INTERNATIONAL AIRPORT","Country ORIGIN_origin":"PANAMA","Airport DESTINATION_origin":"JORGE CH\u00c1VEZ INTERNATIONAL AIRPORT","Country DESTINATION_origin":"PERU","FESTIVO en ORIGEN_origin":null,"FESTIVO en DESTINO_origin":null,"FLIGHT_NUMBER":493,"ORIGIN":61,"DESTINATION":41,"TotalAuthorized":125,"TotalSeatSold":123,"TotalSeatAvailable":1,"DateMonth":10,"DateYear":2017,"Airport ORIGIN":83,"Country ORIGIN":24,"Airport DESTINATION":34,"Country DESTINATION":28,"FESTIVO en ORIGEN":73,"FESTIVO en DESTINO":73,"hour":16,"day":4,"was_overbooked":0,"sin_hour":-0.9422609221,"cos_hour":-0.3348796122,"sin_month":-0.8660254038,"cos_month":0.5,"is_weekend":0},"142386":{"DESTINATION_ORIGIN":"PTY","ORIGIN_ORIGIN":"PUJ","Airport Origin_origin":"PUNTA CANA INTERNATIONAL AIRPORT","Country ORIGIN_origin":"DOMINICAN REPUBLIC","Airport DESTINATION_origin":"TOCUMEN INTERNATIONAL AIRPORT","Country DESTINATION_origin":"PANAMA","FESTIVO en ORIGEN_origin":null,"FESTIVO en DESTINO_origin":null,"FLIGHT_NUMBER":569,"ORIGIN":62,"DESTINATION":62,"TotalAuthorized":154,"TotalSeatSold":102,"TotalSeatAvailable":52,"DateMonth":3,"DateYear":2018,"Airport ORIGIN":67,"Country ORIGIN":13,"Airport DESTINATION":85,"Country DESTINATION":26,"FESTIVO en ORIGEN":73,"FESTIVO en DESTINO":73,"hour":12,"day":17,"was_overbooked":0,"sin_hour":-0.1361666491,"cos_hour":-0.990685946,"sin_month":1.0,"cos_month":6.123233996e-17,"is_weekend":1},"244304":{"DESTINATION_ORIGIN":"GRU","ORIGIN_ORIGIN":"PTY","Airport Origin_origin":"TOCUMEN INTERNATIONAL AIRPORT","Country ORIGIN_origin":"PANAMA","Airport DESTINATION_origin":"S\u00c3O PAULO\u2013GUARULHOS INTERNATIONAL AIRPORT","Country DESTINATION_origin":"BRAZIL","FESTIVO en ORIGEN_origin":null,"FESTIVO en DESTINO_origin":null,"FLIGHT_NUMBER":759,"ORIGIN":61,"DESTINATION":31,"TotalAuthorized":160,"TotalSeatSold":152,"TotalSeatAvailable":2,"DateMonth":5,"DateYear":2017,"Airport ORIGIN":83,"Country ORIGIN":24,"Airport DESTINATION":82,"Country DESTINATION":6,"FESTIVO en ORIGEN":73,"FESTIVO en DESTINO":73,"hour":21,"day":24,"was_overbooked":0,"sin_hour":-0.51958395,"cos_hour":0.8544194045,"sin_month":0.5,"cos_month":-0.8660254038,"is_weekend":0},"396691":{"DESTINATION_ORIGIN":"PTY","ORIGIN_ORIGIN":"ORD","Airport Origin_origin":"O'HARE INTERNATIONAL AIRPORT","Country ORIGIN_origin":"UNITED STATES","Airport DESTINATION_origin":"TOCUMEN INTERNATIONAL AIRPORT","Country DESTINATION_origin":"PANAMA","FESTIVO en ORIGEN_origin":null,"FESTIVO en DESTINO_origin":null,"FLIGHT_NUMBER":236,"ORIGIN":55,"DESTINATION":62,"TotalAuthorized":165,"TotalSeatSold":84,"TotalSeatAvailable":70,"DateMonth":3,"DateYear":2016,"Airport ORIGIN":60,"Country ORIGIN":29,"Airport DESTINATION":85,"Country DESTINATION":26,"FESTIVO en ORIGEN":73,"FESTIVO en DESTINO":73,"hour":7,"day":1,"was_overbooked":0,"sin_hour":0.9422609221,"cos_hour":-0.3348796122,"sin_month":1.0,"cos_month":6.123233996e-17,"is_weekend":0},"128753":{"DESTINATION_ORIGIN":"PTY","ORIGIN_ORIGIN":"LAX","Airport Origin_origin":"LOS ANGELES INTERNATIONAL AIRPORT","Country ORIGIN_origin":"UNITED STATES","Airport DESTINATION_origin":"TOCUMEN INTERNATIONAL AIRPORT","Country DESTINATION_origin":"PANAMA","FESTIVO en ORIGEN_origin":null,"FESTIVO en DESTINO_origin":null,"FLIGHT_NUMBER":303,"ORIGIN":39,"DESTINATION":62,"TotalAuthorized":166,"TotalSeatSold":157,"TotalSeatAvailable":-3,"DateMonth":4,"DateYear":2018,"Airport ORIGIN":45,"Country ORIGIN":29,"Airport DESTINATION":85,"Country DESTINATION":26,"FESTIVO en ORIGEN":73,"FESTIVO en DESTINO":73,"hour":23,"day":26,"was_overbooked":0,"sin_hour":-2.449293598e-16,"cos_hour":1.0,"sin_month":0.8660254038,"cos_month":-0.5,"is_weekend":0},"310012":{"DESTINATION_ORIGIN":"MEX","ORIGIN_ORIGIN":"PTY","Airport Origin_origin":"TOCUMEN INTERNATIONAL AIRPORT","Country ORIGIN_origin":"PANAMA","Airport DESTINATION_origin":"MEXICO CITY INTERNATIONAL AIRPORT","Country DESTINATION_origin":"MEXICO","FESTIVO en ORIGEN_origin":"Primer Grito de Independencia","FESTIVO en DESTINO_origin":null,"FLIGHT_NUMBER":120,"ORIGIN":61,"DESTINATION":49,"TotalAuthorized":160,"TotalSeatSold":146,"TotalSeatAvailable":14,"DateMonth":11,"DateYear":2016,"Airport ORIGIN":83,"Country ORIGIN":24,"Airport DESTINATION":54,"Country DESTINATION":24,"FESTIVO en ORIGEN":83,"FESTIVO en DESTINO":73,"hour":9,"day":10,"was_overbooked":0,"sin_hour":0.6310879443,"cos_hour":-0.7757112907,"sin_month":-0.5,"cos_month":0.8660254038,"is_weekend":0},"186889":{"DESTINATION_ORIGIN":"SAL","ORIGIN_ORIGIN":"PTY","Airport Origin_origin":"TOCUMEN INTERNATIONAL AIRPORT","Country ORIGIN_origin":"PANAMA","Airport DESTINATION_origin":"MONSE\u00d1OR \u00d3SCAR ARNULFO ROMERO INTERNATIONAL AIRPORT","Country DESTINATION_origin":"EL SALVADOR","FESTIVO en ORIGEN_origin":null,"FESTIVO en DESTINO_origin":null,"FLIGHT_NUMBER":410,"ORIGIN":61,"DESTINATION":67,"TotalAuthorized":152,"TotalSeatSold":73,"TotalSeatAvailable":81,"DateMonth":11,"DateYear":2017,"Airport ORIGIN":83,"Country ORIGIN":24,"Airport DESTINATION":57,"Country DESTINATION":15,"FESTIVO en ORIGEN":73,"FESTIVO en DESTINO":73,"hour":11,"day":8,"was_overbooked":0,"sin_hour":0.1361666491,"cos_hour":-0.990685946,"sin_month":-0.5,"cos_month":0.8660254038,"is_weekend":0},"198948":{"DESTINATION_ORIGIN":"BOG","ORIGIN_ORIGIN":"PTY","Airport Origin_origin":"TOCUMEN INTERNATIONAL AIRPORT","Country ORIGIN_origin":"PANAMA","Airport DESTINATION_origin":"EL DORADO INTERNATIONAL AIRPORT","Country DESTINATION_origin":"COLOMBIA","FESTIVO en ORIGEN_origin":null,"FESTIVO en DESTINO_origin":null,"FLIGHT_NUMBER":629,"ORIGIN":61,"DESTINATION":7,"TotalAuthorized":166,"TotalSeatSold":144,"TotalSeatAvailable":16,"DateMonth":10,"DateYear":2017,"Airport ORIGIN":83,"Country ORIGIN":24,"Airport DESTINATION":19,"Country DESTINATION":9,"FESTIVO en ORIGEN":73,"FESTIVO en DESTINO":73,"hour":18,"day":3,"was_overbooked":0,"sin_hour":-0.9790840877,"cos_hour":0.2034560131,"sin_month":-0.8660254038,"cos_month":0.5,"is_weekend":0},"6715":{"DESTINATION_ORIGIN":"PTY","ORIGIN_ORIGIN":"HAV","Airport Origin_origin":"JOS\u00c9 MART\u00cd INTERNATIONAL AIRPORT","Country ORIGIN_origin":"CUBA","Airport DESTINATION_origin":"TOCUMEN INTERNATIONAL AIRPORT","Country DESTINATION_origin":"PANAMA","FESTIVO en ORIGEN_origin":null,"FESTIVO en DESTINO_origin":null,"FLIGHT_NUMBER":231,"ORIGIN":33,"DESTINATION":62,"TotalAuthorized":154,"TotalSeatSold":154,"TotalSeatAvailable":0,"DateMonth":4,"DateYear":2019,"Airport ORIGIN":36,"Country ORIGIN":11,"Airport DESTINATION":85,"Country DESTINATION":26,"FESTIVO en ORIGEN":73,"FESTIVO en DESTINO":73,"hour":8,"day":6,"was_overbooked":0,"sin_hour":0.816969893,"cos_hour":-0.5766803221,"sin_month":0.8660254038,"cos_month":-0.5,"is_weekend":1},"355966":{"DESTINATION_ORIGIN":"PTY","ORIGIN_ORIGIN":"SNU","Airport Origin_origin":"ABEL SANTAMAR\u00cdA AIRPORT","Country ORIGIN_origin":"CUBA","Airport DESTINATION_origin":"TOCUMEN INTERNATIONAL AIRPORT","Country DESTINATION_origin":"PANAMA","FESTIVO en ORIGEN_origin":null,"FESTIVO en DESTINO_origin":null,"FLIGHT_NUMBER":238,"ORIGIN":75,"DESTINATION":62,"TotalAuthorized":101,"TotalSeatSold":72,"TotalSeatAvailable":22,"DateMonth":6,"DateYear":2016,"Airport ORIGIN":0,"Country ORIGIN":11,"Airport DESTINATION":85,"Country DESTINATION":26,"FESTIVO en ORIGEN":73,"FESTIVO en DESTINO":73,"hour":13,"day":28,"was_overbooked":0,"sin_hour":-0.3984010898,"cos_hour":-0.9172113015,"sin_month":1.224646799e-16,"cos_month":-1.0,"is_weekend":0},"252103":{"DESTINATION_ORIGIN":"PTY","ORIGIN_ORIGIN":"SJO","Airport Origin_origin":"JUAN SANTAMAR\u00cdA INTERNATIONAL AIRPORT","Country ORIGIN_origin":"COSTA RICA","Airport DESTINATION_origin":"TOCUMEN INTERNATIONAL AIRPORT","Country DESTINATION_origin":"PANAMA","FESTIVO en ORIGEN_origin":null,"FESTIVO en DESTINO_origin":null,"FLIGHT_NUMBER":163,"ORIGIN":72,"DESTINATION":62,"TotalAuthorized":88,"TotalSeatSold":83,"TotalSeatAvailable":11,"DateMonth":4,"DateYear":2017,"Airport ORIGIN":39,"Country ORIGIN":10,"Airport DESTINATION":85,"Country DESTINATION":26,"FESTIVO en ORIGEN":73,"FESTIVO en DESTINO":73,"hour":11,"day":30,"was_overbooked":0,"sin_hour":0.1361666491,"cos_hour":-0.990685946,"sin_month":0.8660254038,"cos_month":-0.5,"is_weekend":1},"315538":{"DESTINATION_ORIGIN":"TGU","ORIGIN_ORIGIN":"PTY","Airport Origin_origin":"TOCUMEN INTERNATIONAL AIRPORT","Country ORIGIN_origin":"PANAMA","Airport DESTINATION_origin":"TONCONT\u00cdN INTERNATIONAL AIRPORT","Country DESTINATION_origin":"HONDURAS","FESTIVO en ORIGEN_origin":null,"FESTIVO en DESTINO_origin":null,"FLIGHT_NUMBER":426,"ORIGIN":61,"DESTINATION":80,"TotalAuthorized":160,"TotalSeatSold":47,"TotalSeatAvailable":113,"DateMonth":10,"DateYear":2016,"Airport ORIGIN":83,"Country ORIGIN":24,"Airport DESTINATION":86,"Country DESTINATION":20,"FESTIVO en ORIGEN":73,"FESTIVO en DESTINO":73,"hour":11,"day":25,"was_overbooked":0,"sin_hour":0.1361666491,"cos_hour":-0.990685946,"sin_month":-0.8660254038,"cos_month":0.5,"is_weekend":0},"164876":{"DESTINATION_ORIGIN":"PTY","ORIGIN_ORIGIN":"GUA","Airport Origin_origin":"LA AURORA INTERNATIONAL AIRPORT","Country ORIGIN_origin":"GUATEMALA","Airport DESTINATION_origin":"TOCUMEN INTERNATIONAL AIRPORT","Country DESTINATION_origin":"PANAMA","FESTIVO en ORIGEN_origin":null,"FESTIVO en DESTINO_origin":null,"FLIGHT_NUMBER":555,"ORIGIN":31,"DESTINATION":62,"TotalAuthorized":94,"TotalSeatSold":81,"TotalSeatAvailable":13,"DateMonth":1,"DateYear":2018,"Airport ORIGIN":40,"Country ORIGIN":16,"Airport DESTINATION":85,"Country DESTINATION":26,"FESTIVO en ORIGEN":73,"FESTIVO en DESTINO":73,"hour":13,"day":11,"was_overbooked":0,"sin_hour":-0.3984010898,"cos_hour":-0.9172113015,"sin_month":0.5,"cos_month":0.8660254038,"is_weekend":0},"307328":{"DESTINATION_ORIGIN":"PTY","ORIGIN_ORIGIN":"MGA","Airport Origin_origin":"AUGUSTO C. SANDINO INTERNATIONAL AIRPORT","Country ORIGIN_origin":"NICARAGUA","Airport DESTINATION_origin":"TOCUMEN INTERNATIONAL AIRPORT","Country DESTINATION_origin":"PANAMA","FESTIVO en ORIGEN_origin":null,"FESTIVO en DESTINO_origin":null,"FLIGHT_NUMBER":105,"ORIGIN":49,"DESTINATION":62,"TotalAuthorized":124,"TotalSeatSold":79,"TotalSeatAvailable":45,"DateMonth":11,"DateYear":2016,"Airport ORIGIN":4,"Country ORIGIN":23,"Airport DESTINATION":85,"Country DESTINATION":26,"FESTIVO en ORIGEN":73,"FESTIVO en DESTINO":73,"hour":14,"day":18,"was_overbooked":0,"sin_hour":-0.6310879443,"cos_hour":-0.7757112907,"sin_month":-0.5,"cos_month":0.8660254038,"is_weekend":1},"346514":{"DESTINATION_ORIGIN":"POS","ORIGIN_ORIGIN":"PTY","Airport Origin_origin":"TOCUMEN INTERNATIONAL AIRPORT","Country ORIGIN_origin":"PANAMA","Airport DESTINATION_origin":"PIARCO INTERNATIONAL AIRPORT","Country DESTINATION_origin":"TRINIDAD AND TOBAGO","FESTIVO en ORIGEN_origin":null,"FESTIVO en DESTINO_origin":null,"FLIGHT_NUMBER":314,"ORIGIN":61,"DESTINATION":61,"TotalAuthorized":95,"TotalSeatSold":75,"TotalSeatAvailable":19,"DateMonth":7,"DateYear":2016,"Airport ORIGIN":83,"Country ORIGIN":24,"Airport DESTINATION":65,"Country DESTINATION":30,"FESTIVO en ORIGEN":73,"FESTIVO en DESTINO":73,"hour":19,"day":25,"was_overbooked":0,"sin_hour":-0.8878852184,"cos_hour":0.4600650377,"sin_month":-0.5,"cos_month":-0.8660254038,"is_weekend":0}}